번호,지점명,주소,전화번호
1,강원홍천군홍천점,강원 홍천군 홍천읍 갈마로,033-435-7983
2,강원양구군방산점,강원 양구군 방산면 장거리길,033-481-8892
3,강원춘천시석사점,강원 춘천시 우석로,033-262-6007
4,강원춘천시퇴계점,강원 춘천시 춘주로,033-242-8119
5,강원홍천군시동점,강원 홍천군 남면 시동리,033-432-9288
6,강원인제군신남점,강원 인제군 남면 신남로,033-461-0049
7,강원춘천시교동후평점,강원 춘천시 성심로,033-244-8892
8,강원화천군사내점,강원 화천군 사내면 사내로,033-441-9292
9,강원인제군인제점,강원 인제군 인제읍 인제로,033-463-7999
10,강원화천군산양리점,강원 화천군 상서면 영서로,033-442-4484
11,강원양구군동면점,강원 양구군 동면 금강산로,033-482-2292
12,강원철원군지경리점,강원 철원군 갈말읍 청양로,033-458-3505
13,강원인제군서화점(B),강원 인제군 서화면 천도로,033-462-4479
14,강원화천군다목리점,강원 화천군 상서면 수피령로,033-441-9288
15,강원철원군자등리점,강원 철원군 서면 자등로,033-458-9233
16,강원철원군신철원점,강원 철원군 갈말읍 삼부연로,033-452-9911
17,강원홍천군대명비발디점,강원 홍천군 서면 한치골길,033-435-4479
18,강원화천군화천점,강원 화천군 화천읍 중앙,033-441-9233
19,경기포천시운천점,경기 포천시 영북면 운천로,031-534-9293
20,강원철원군동송점,강원 철원군 동송읍 금학로,033-456-0635
21,강원철원군와수리점,강원 철원군 서면 와수로,033-458-5332
22,강원춘천시효자점,강원 춘천시 서부대성로,033-256-0074
23,강원춘천시칠전송암점,강원 춘천시 옛경춘로,033-251-4479
24,강원인제군현리점,강원 인제군 기린면 내린천로,033-461-9294
25,강원양구군양구점,강원 양구군 양구읍 중앙길,033-481-9995
26,강원철원군내대리점,강원 철원군 갈말읍 두루미로,033-452-1111
27,강원춘천시강북점,강원 춘천시 충열로,033-252-0086
28,강원강릉시포남1점,강원 강릉시 가작로,033-652-9976
29,강원영월군영월점,강원 영월군 영월읍 은행나무길,033-375-9696
30,강원강릉시초당점,강원 강릉시 초당원길,033-653-9298
31,강원원주시단계점,강원 원주시 원문로,033-748-0213
32,강원원주시명륜점,강원 원주시 남산로,033-761-9288
33,강원태백시태백점,강원 태백시 황지로,033-554-4494
34,강원원주시단관점,강원 원주시 단관초교길,033-748-9494
35,강원속초시교동점,강원 속초시 수복로,033-633-4425
36,강원속초시조양점,강원 속초시 동해대로,033-637-4466
37,강원원주시문막점,강원 원주시 문막읍 건등로,033-734-4482
38,강원동해시부곡점,강원 동해시 발한로,033-534-9993
39,강원양양군양양점,강원 양양군 양양읍 양양로,033-673-4492
40,강원양양군하조대점,강원 양양군 현북면 조준길,033-672-1658
41,강원평창군진부점,강원 평창군 진부면 진부중앙로,033-336-4492
42,강원동해시망상점,강원 동해시 동해대로,033-534-3377
43,강원강릉시내곡점,강원 강릉시 범일로,033-643-9954
44,강원속초시금호점,강원 속초시 미시령로,033-638-4482
45,강원원주시무실점,강원 원주시 섬밭들길,033-746-4479
46,강원동해시천곡점,강원 동해시 한섬로,033-532-9591
47,강원동해시효가점,강원 동해시 동해대로,033-521-2676
48,강원태백시장성점,강원 태백시 장성로,033-581-5677
49,강원원주시태장점,강원 원주시 북원로,033-745-9979
50,강원평창군대관령점,강원 평창군 대관령면 경강로 ,033-335-9599
51,강원평창군장평점,강원 평창군 용평면 경강로,033-333-4491
52,강원정선군정선점,강원 정선군 정선읍 봉양길,033-562-4477
53,강원횡성군횡성점,강원 횡성군 횡성읍 읍하로,033-344-4479
54,강원강릉시홍제점,강원 강릉시 홍제로,033-643-9993
55,강원평창군봉평점,강원 평창군 봉평면 태기로,033-334-5255
56,강원강릉시솔올점,강원 강릉시 원대로,033-641-4560
57,강원강릉시입암점,강원 강릉시 강변로,033-643-9976
58,강원강릉시사천해변점,강원 강릉시 사천면 진리해변길,033-644-8881
59,강원원주시개운단구점,강원 원주시 서원대로,033-766-4479
60,강원원주시혁신도시점,강원 원주시 웅비2길 ,033-742-4479
61,강원원주시반곡봉산점,강원 원주시 반곡길,033-731-9986
62,강원삼척시교동점,강원 삼척시 정상로,033-573-8000
63,강원강릉시주문진점,강원 강릉시 주문진읍 주문로,033-661-4488
64,서울도봉구신창점,서울 도봉구 덕릉로,02-998-9592
65,경기파주시선유점,경기 파주시 문산읍 독서울길,031-953-1842
66,경기양주시광적점,경기 양주시 광적면 삼일로,031-836-3436
67,경기연천군전곡점,경기도 연천군 전곡읍 은전로,031-832-9956
68,경기동두천시생연점,경기 동두천시 삼육사로,031-862-9298
69,경기포천시신읍리점,경기 포천시 왕방로,031-531-9280
70,서울도봉구도봉1점,서울 도봉구 마들로,02-955-3356
71,경기양주시신산점,경기 양주시 남면 개나리길,031-861-9252
72,서울강북구미아점,서울 강북구 도봉로,02-982-8292
73,경기의정부시의정부1점,경기 의정부시 호국로,031-846-9952
74,경기양주시덕계점,경기 양주시 평화로,031-864-9982
75,경기양주시장흥점,경기 양주시 장흥면 호국로,031-855-5474
76,서울성동구행당1점,서울 성동구 왕십리로길,02-2293-4479
77,서울노원구상계1점,서울 노원구 동일로,02-952-9288
78,경기연천군대광리점,경기 연천군 신서면 연신로,031-834-8207
79,서울은평구불광점,서울 은평구 불광로,02-355-1192
80,서울용산구원효점,서울 용산구 새창로길,02-707-0983
81,경기고양시풍동점,경기 고양시 일산동구 숲속마을로,031-966-4492
82,경기고양시주교점,경기 고양시 덕양구 원당로,031-965-9234
83,경기의정부시금오지구점,경기 의정부시 청사로,031-853-9989
84,서울성북구정릉점,서울 성북구 보국문로,02-943-9592
85,서울서대문구홍제1점,서울 서대문구 통일로,02-3216-4450
86,경기고양시중산점,경기 고양시 일산동구 탄중로,031-975-4492
87,경기양주시송추점,경기 양주시 장흥면 호국로,031-826-1934
88,서울중랑구묵2동점,서울 중랑구 동일로,02-975-4527
89,경기고양시라페스타점,경기 고양시 일산동구 무궁화로,031-905-9982
90,경기파주시봉일천점,경기 파주시 조리읍 송비말길,031-947-4192
91,서울동대문구용두1호점,서울 동대문구 정릉천동로,02-922-3777
92,경기포천시양문점,경기 포천시 영중면 양문로,031-532-6608
93,서울마포구망원점,서울 마포구 포은로,02-323-7383
94,서울노원구공릉점,서울 노원구 공릉로,02-971-9288
95,서울동대문구신이문점,서울 동대문구 한천로,02-966-8955
96,서울노원구상계마들점,서울 노원구 한글비석로,02-934-4479
97,경기고양시문촌점,경기 고양시 일산서구 킨텍스로,031-912-4479
98,경기파주시문산점,경기 파주시 문산읍 문향로,031-953-9479
99,경기고양시성석점,경기 고양시 일산동구 성현로,031-977-4412
100,서울성북구보문점,서울 성북구 보문로,02-922-0118
101,경기고양시행신3점,경기 고양시 덕양구 화신로,031-978-1629
102,서울서대문구이대역점,서울 서대문구 연세로,02-3272-0036
103,서울중랑구망우점,서울 중랑구 용마산로,02-433-4479
104,경기고양시식사동점,경기 고양시 일산동구 동국로,031-963-4414
105,경기양주시고읍지구점,경기 양주시 고읍로,031-845-9282
106,서울광진구화양점,서울 광진구 아차산로,02-462-8887
107,경기연천군연천점,경기 연천군 연천읍 연천로,031-834-8245
108,경기고양시주엽1점,경기 고양시 일산서구 대산로,031-912-8892
109,서울광진구자양2점,서울 광진구 뚝섬로,02-454-3336
110,서울광진구어린이대공원점,서울 광진구 광나루로,02-466-6572
111,서울은평구역촌점,서울 은평구 역말로,02-359-4472
112,서울강북구수유점,서울 강북구 삼양로,02-985-0092
113,경기포천시이동점,경기 포천시 이동면 성장로,031-531-9289
114,서울은평구신사점,서울 은평구 증산로,02-307-4472
115,서울강북구삼각산점,서울 강북구 삼양로,02-982-8282
116,서울광진구구의3점,서울 광진구 구의로,02-455-9922
117,경기동두천시송내지구점,경기 동두천시 동두천로,031-857-4144
118,서울중랑구면목1동점,서울 중랑구 사가정로,02-437-9202
119,서울동대문구장안점,서울 동대문구 장한로,02-2245-1917
120,서울노원구중계본동점,서울 노원구 중계로,02-934-5559
121,서울노원구상계2점,서울 노원구 상계로,02-951-4492
122,경기양주시덕정점,경기 양주시 화합로,031-859-4977
123,서울도봉구방학1점,서울 도봉구 도당로,02-3491-4479
124,경기고양시대화점,경기 고양시 일산서구 강성로,031-925-5592
125,서울성북구동소문점,서울 성북구 아리랑로,02-923-4492
126,경기의정부시장암점,경기 의정부시 장곡로,031-855-9003
127,서울동대문구청량리점,서울 동대문구 홍릉로,02-968-0092
128,경기포천시내촌점,경기 포천시 내촌면 내촌로,031-531-3222
129,서울도봉구방학2점,서울 도봉구 방학로,02-955-4482
130,경기연천군백학점,경기 연천군 백학면 두백로,031-835-8508
131,경기양주시백석점,경기 양주시 백석읍 양주산성로,031-879-9114
132,경기의정부시신곡점,경기 의정부시 시민로,031-842-9995
133,서울용산구후암점,서울 용산구 한강대로,02-756-6225
134,서울성북구장위2동점,서울 성북구 돌곶이로,02-913-9290
135,서울성북구석관점(B),서울 성북구 한천로,02-960-4492
136,서울성동구한양점,서울 성동구 마조로,02-2294-9282
137,서울종로구광화문점(B),서울 종로구 사직로,02-730-9244
138,경기포천시일동점,경기 포천시 일동면 화동로,031-531-9288
139,서울성북구월곡점,서울 성북구 오패산로,02-943-4492
140,서울성동구금호점,서울 성동구 독서당로,02-2299-2272
141,서울은평구응암점,서울 은평구 응암로,02-387-3366
142,서울동대문구전농2점,서울 동대문구 답십리로,02-2241-8292
143,경기고양시행신2점,경기 고양시 덕양구 무원로,031-973-0702
144,경기의정부시금오점,경기 의정부시 하금로,031-847-9670
145,경기고양시백마점,경기 고양시 일산동구 경의로,031-904-4482
146,경기고양시덕이점,경기 고양시 일산서구 탄중로,031-923-1311
147,서울종로구창신점(B),서울 종로구 지봉로,02-766-9282
148,경기의정부시호원점,경기 의정부시 평화로,031-871-0298
149,경기파주시광탄점,경기 파주시 광탄면 새뜰길,031-946-4492
150,경기동두천시중앙점,경기 동두천시 동광로,031-861-2234
151,서울광진구중곡2점,서울 광진구 동일로,02-464-4479
152,경기고양시신원점,경기 고양시 덕양구 권율대로,02-381-4492
153,서울광진구자양점,서울 광진구 능동로,02-452-9200
154,서울마포구서교점,서울 마포구 월드컵북로,02-322-7339
155,서울강북구번동점,서울 강북구 오현로,02-987-4479
156,서울마포구성산점,서울 마포구 월드컵북로,02-305-9993
157,서울동대문구휘경1점,서울 동대문구 한천로,02-2212-6888
158,서울서대문구남가좌점,서울 서대문구 증가로,02-304-4479
159,서울마포구광흥창역점,서울 마포구 독막로,02-335-4492
160,경기의정부시망월사역점,경기 의정부시 평화로,031-875-2929
161,서울광진구군자송정점,서울 광진구 동일로,02-499-4479
162,경기의정부시가능3점,경기 의정부시 호국로,031-829-8850
163,서울성북구길음점,서울 성북구 삼양로,02-953-5100
164,경기고양시백석1점,경기 고양시 일산동구 백석로,031-907-8845
165,경기포천시송우점,경기 포천시 소흘읍 봉솔로길,031-543-4244
166,경기고양시관산점,경기 고양시 덕양구 통일로,031-969-2225
167,서울노원구하계1점,서울 노원구 공릉로,02-976-8292
168,서울마포구상암점(B),서울 마포구 월드컵북로,02-373-4479
169,서울서대문구연희점,서울 서대문구 연희로,02-3143-4479
170,경기파주시금촌2동점,경기 파주시 황골로,031-949-4355
171,서울용산구숙대점,서울 용산구 청파로,02-718-4479
172,경기고양시고양동점,경기 고양시 덕양구 혜음로,031-964-5592
173,서울중랑구면목2점,서울 중랑구 망우로,02-434-5999
174,서울중구중림점,서울 중구 중림로,02-365-4479
175,서울용산구이촌점,서울 용산구 이촌로,02-712-4482
176,경기고양시화정2점,경기도 고양시 덕양구 화정로,031-978-4445
177,서울도봉구창동점,서울 도봉구 덕릉로,02-995-8228
178,서울성북구성신여대점(B),서울 성북구 보문로,02-921-4479
179,서울광진구중곡1점,서울 광진구 면목로,02-468-5592
180,서울은평구녹번점,서울 은평구 은평로,02-358-4482
181,경기의정부시신시가지점,경기 의정부시 범골로,031-879-6160
182,서울종로구혜화점,서울 종로구 명륜길,02-765-4479
183,경기파주시적성점,경기 파주시 적성면 청송로,031-958-7999
184,서울용산구보광점,서울 용산구 보광로,02-749-4479
185,서울마포구홍대역점,서울특별시 마포구 동교로,02-334-9254
186,서울종로구종로점,서울 종로구 수표로,02-2275-0388
187,서울중구신당2점,서울 중구 청구로,02-2231-4479
188,경기파주시법원점,경기 파주시 법원읍 사임당로,031-959-1017
189,경기파주시운정1점,경기 파주시 와석순환로,031-948-2332
190,서울마포구공덕점,서울 마포구 만리재로,02-703-4479
191,서울도봉구쌍문점,서울 도봉구 노해로,02-900-9912
192,경기고양시능곡점,경기 시흥시 장현능곡로,031-974-9956
193,경기고양시가좌점,경기 고양시 일산서구 가좌로,031-921-9292
194,경기의정부시녹양점,경기 의정부시 녹양로,031-875-2388
195,서울동대문구회기점,서울 동대문구 회기로,02-966-4479
196,서울도봉구도봉산역점,서울 도봉구 도봉산3길 ,02-954-8788
197,서울중랑구면목3점,서울 중랑구 용마산로,02-493-4479
198,경기고양시일산점,경기 고양시 일산서구 원일로,031-975-2676
199,서울중구을지로점,서울 중구 퇴계로,02-2275-9244
200,서울노원구중계2동점,서울 노원구 동일로,02-978-4492
201,서울은평구갈현1점,서울 은평구 연서로,02-354-4492
202,경기파주시LCD점,경기 파주시 월롱면 엘씨디로,031-949-3536
203,서울동대문구전농점,서울 동대문구 전농로,02-3394-9292
204,서울강북구수유2점,서울 강북구 삼각산로,02-905-8899
205,서울중랑구중화점,서울 중랑구 동일로,02-491-4479
206,서울성북구종암점(B),서울 성북구 종암로,02-921-2900
207,경기고양시화정1점,경기 고양시 덕양구 화중로,031-968-9288
208,경기포천시가산점,경기 포천시 가산면 가산로,031-541-9585
209,경기의정부시민락용현점,경기 의정부시 용현로,031-852-3400
210,서울노원구상계중앙점,서울 노원구 동일로,02-931-4492
211,서울서대문구북가좌2점,서울 서대문구 증가로,02-303-4479
212,서울중랑구신내1점,서울 중랑구 신내로,02-3421-9202
213,경기의정부시가능2점,경기 의정부시 가능로,031-874-5550
214,서울노원구중계4동점,서울 노원구 덕릉로,02-3392-4479
215,서울은평구구산점,서울 은평구 갈현로,02-354-8833
216,경기연천군군남점,경기 연천군 군남면 군왕로,031-833-3555
217,서울서대문구홍은1점,서울 서대문구 간호대로,02-391-4492
218,서울중랑구상봉1점,서울 중랑구 신내로,02-434-3544
219,서울중랑구용마산역점,서울 중랑구 면목로,02-433-4492
220,경기고양시성사점,경기 고양시 덕양구 마상로,031-962-7792
221,서울성동구성수2가점,서울 성동구 성덕정길,02-467-8277
222,경기양주시은현점,경기 양주시 은현면 은현로,031-861-8955
223,서울서대문구연대점,서울 서대문구 연세로,02-332-4479
224,서울종로구독립문점,서울 종로구 통일로,02-737-4492
225,서울마포구마포역점,서울 마포구 새창로,02-717-4422
226,서울은평구대조점,서울 은평구 통일로,02-382-1492
227,서울마포구염리점,서울 마포구 마포대로,02-714-4479
228,경기파주시운정3점,경기 파주시 한빛로,031-948-4472
229,서울서초구반포1점,서울 서초구 반포대로,02-532-9291
230,서울금천구시흥2점,서울 금천구 금하로,02-802-5124
231,서울동작구대방점,서울 동작구 등용로,02-815-8292
232,서울동작구신대방점,서울 동작구 여의대방로,02-833-5444
233,서울서초구방배1호점,서울 서초구 방배로,02-593-3060
234,서울영등포구여의도점,서울 영등포구 의사당대로,02-782-9244
235,서울관악구신림2점,서울 관악구 신림로,02-877-4482
236,서울영등포구영등포점,서울 영등포구 영신로,02-842-4492
237,서울송파구거여점,서울 송파구 성내천로,02-400-3615
238,서울동작구상도1점,서울 동작구 상도로,02-824-9244
239,서울영등포구대림3점,서울 영등포구 도림로,02-843-1009
240,서울동작구중대점,서울 동작구 흑석로,02-815-9282
241,서울강남구일원점,서울 강남구 일원로,02-3414-9988
242,서울송파구삼전점,서울 송파구 백제고분로,02-423-4482
243,서울영등포구문래점,서울 영등포구 도림로,02-2634-9245
244,서울영등포구양평점,서울 영등포구 영등포로,02-2636-9244
245,서울관악구관악구청점,서울 관악구 쑥고개로,02-889-4492
246,서울동작구노량진점,서울 동작구 만양로,02-826-9982
247,서울강남구개포1점,서울 강남구 개포로,02-2057-9292
248,경기과천시과천1점,경기 과천시 별양로,02-503-7070
249,서울서초구양재점,서울 서초구 동산로,02-529-0812
250,서울동작구상도2호점,서울 동작구 성대로,02-815-4492
251,서울송파구잠실새내역점,서울 송파구 올림픽로,02-415-4479
252,서울영등포구여의도2호점,서울 영등포구 국제금융로,02-780-9244
253,서울서초구잠원점,서울 서초구 나루터로,02-542-5582
254,서울영등포구신풍역점,서울 영등포구 대방천로,02-834-4479
255,서울관악구인헌점,서울 관악구 인헌길,02-883-9931
256,서울서초구우면점,서울 서초구 형촌길,02-573-2292
257,서울송파구잠실본점,서울 송파구 백제고분로,02-423-4374
258,서울영등포구영등포푸르지오점,서울 영등포구 양산로,02-842-4493
259,서울관악구신림점,서울 관악구 문성로,02-889-4442
260,서울영등포구신길점,서울 영등포구 가마산로,02-844-4492
261,서울송파구석촌점,서울 송파구 가락로,02-424-8060
262,서울관악구봉천중앙점,서울 관악구 남부순환로,02-876-9992
263,서울송파구가락2점,서울 송파구 송이로,02-408-4482
264,서울송파구문정장지점,서울 송파구 새말로,02-400-8213
265,서울송파구오금점(B),서울 송파구 마천로,02-6407-7285
266,서울강남구세곡자곡점,서울 강남구 자곡로,02-3411-4479
267,서울금천구가산독산1동점,서울 금천구 가산로,02-856-9244
268,서울동작구총신대점,서울 동작구 솔밭로,02-598-4479
269,서울금천구독산점,서울 금천구 남부순환로,02-866-9592
270,서울송파구가락점,서울 송파구 문정로,02-407-4774
271,서울서초구방배본동점,서울 서초구 방배중앙로,02-536-4444
272,서울서초구반포2점,서울 서초구 강남대로,02-548-7705
273,서울서초구서초2점,서울 서초구 효령로,02-588-7077
274,서울강남구역삼충현점,서울 강남구 봉은사로,02-566-4479
275,서울서초구서초1호점,서울 서초구 효령로,02-588-4443
276,서울관악구신림남부점,서울 관악구 남부순환로,02-838-9288
277,서울관악구난곡점,서울 관악구 미성길,02-863-8880
278,서울강남구신사점,서울 강남구 논현로,02-542-4479
279,서울강남구도곡점,서울 강남구 도곡로,02-571-9955
280,서울송파구풍납점,서울 송파구 풍성로,02-473-4473
281,서울동작구사당이수점,서울 동작구 사당로,02-532-9244
282,서울관악구봉천현대점(B),서울 관악구 봉천로,02-882-9277
283,서울영등포구대림점(B),서울 영등포구 디지털로,02-842-8444
284,서울송파구송파방이2점,서울 송파구 가락로,02-421-0089
285,서울서초구서초중앙점,서울 서초구 서초중앙로,02-3477-7000
286,서울강남구논현1점,서울 강남구 강남대로,02-512-4482
287,서울관악구봉천점,서울 관악구 은천로,02-888-5919
288,서울금천구금천점,서울 금천구 은행나무로,02-805-4492
289,서울강남구청담점,서울 강남구 삼성로,02-542-9991
290,서울강남구수서점,서울 강남구 광평로,02-451-4479
291,서울송파구위례점,서울 송파구 위례광장로,02-403-4479
292,서울송파구잠실1점,서울 송파구 올림픽로,02-418-4492
293,서울강남구대치점,서울 강남구 삼성로,02-555-4479
294,서울강남구역삼1점,서울 강남구 논현로,02-568-4479
295,서울양천구신정점,서울 양천구 신목로,02-2644-9919
296,서울강서구염창점,서울 강서구 양천로,02-3663-9285
297,서울강서구방화2점,서울 강서구 금낭화로,02-2662-9229
298,경기광명시하안점,경기 광명시 하안로,02-894-4482
299,서울양천구신정1동점,서울 양천구 은행정로,02-2652-1212
300,서울구로구구로1점,서울 구로구 구로동로,02-861-4492
301,서울강서구화곡본동점,서울 강서구 초록마을로,02-2607-5882
302,서울강서구등촌3동점,서울 강서구 공항대로,02-3661-4492
303,경기안양시평촌1호점,경기 안양시 동안구 달안로,031-387-9922
304,경기광명시철산점,경기 광명시 도덕공원로,02-2681-8585
305,경기안양시비산1호점,경기 안양시 동안구 경수대로,031-465-0123
306,서울강서구까치산점,서울 강서구 강서로,02-2601-4492
307,서울강서구화곡남부시장점,서울 강서구 곰달래로,02-2653-4492
308,경기안양시석수점,경기 안양시 만안구 석천로,031-474-7200
309,경기안양시관양비산점,경기 안양시 동안구 평촌대로,031-386-4490
310,서울강서구화곡1동점,서울 강서구 가로공원로,02-2699-4479
311,서울양천구신월1동점,서울 양천구 가로공원로,02-2690-8592
312,경기안양시안양2호점,경기 안양시 만안구 냉천로,031-443-9294
313,서울강서구등촌2동점,서울 강서구 등촌로,02-2644-6969
314,경기안양시호계갈산점,경기 안양시 동안구,031-457-4479
315,경기광명시소하점,경기 광명시 신촌로,02-897-8293
316,서울양천구양천구청점,서울 양천구 목동남로,02-2655-1855
317,서울구로구개봉점(B),서울 구로구 개봉로,02-2687-9244
318,경기안양시호계오전점,경기 안양시 동안구 포도원로,031-429-4456
319,경기광명시광명KTX역점,경기 광명시 덕안로,02-898-9242
320,서울강서구가양1점(B),서울 강서구 양천로,02-3661-4482
321,경기안양시평촌2호점,경기 안양시 동안구 관평로,031-476-2073
322,서울양천구화곡3동점,서울 양천구 월정로,02-2692-4492
323,서울구로구남구로점,서울 구로구 도림로,02-865-9222
324,경기광명시광명사거리점,경기 광명시 오리로,02-2682-9292
325,경기광명시광명시장점,경기 광명시 광이로,02-2618-4479
326,서울강서구방화1점,서울 강서구 양천로,02-2662-4472
327,서울양천구신월2점,서울 양천구 오목로,02-2693-4492
328,서울양천구목4동점,서울 양천구 목동중앙서로,02-2644-4492
329,경기안양시호계2호점,경기 안양시 동안구 전파로,031-478-8892
330,서울강서구우장산점,서울 강서구 우장산로,02-2659-5454
331,서울강서구수명산파크점,서울 강서구 강서로,02-2667-7792
332,서울구로구오류1점,서울 구로구 부일로,02-2689-9288
333,서울양천구신월점,서울 양천구 신월로,02-2602-4479
334,경기안양시안양1호점,경기 안양시 만안구 냉천로,031-465-5882
335,서울구로구구로테크노마트점,서울 구로구 새말로,02-860-5700
336,서울구로구고척1점,서울 구로구 경서로,02-3666-4492
337,경기광명시철산역점,경기 광명시 디지털로,02-2612-9979
338,경기안양시박달점,경기 안양시 만안구 양화로,031-445-9282
339,서울구로구오류2점,서울 구로구 오류로,02-2689-5545
340,서울구로구구로시장점,서울 구로구 구로동로,02-857-4492
341,서울구로구근린공원점,서울 구로구 고척로,02-2687-4479
342,서울구로구신도림점,서울 구로구 신도림로,02-2677-4492
343,경기안양시관양지구점,경기 안양시 동안구 관악대로,031-422-4479
344,경기부천시송내점,경기 부천시 소사구 송내대로,032-655-6573
345,경기김포시양곡점,경기 김포시 김포한강로,031-981-1322
346,인천동구동인천송현점,인천 동구 화도로,032-777-9292
347,인천부평구부개점,인천 부평구 길주남로,032-513-0033
348,경기시흥시월곶점,경기 시흥시 월곶중앙로,031-404-7706
349,인천남동구논현점,인천 남동구 논곡로,032-446-7590
350,경기부천시범박점,경기 부천시 소사구 소사동로,032-349-5551
351,경기부천시원종점,경기 부천시 오정구 소사로,032-675-5592
352,인천계양구계산점,인천 계양구 용마루길,032-556-8278
353,경기부천시심곡점,경기 부천시 소사구 심곡로,032-612-9120
354,경기부천시중동약대점,경기 부천시 원미구 도약로,032-682-9982
355,경기부천시소사점,경기 부천시 소사구 은성로,032-351-9989
356,경기부천시역곡점,경기 부천시 원미구 역곡로,032-341-9992
357,인천남구주안점,인천 남구 인주대로,032-424-5757
358,인천남구학익점,인천 남구 소성로,032-862-6565
359,경기부천시원미점,경기 부천시 원미구 조마루로,032-614-7272
360,인천남구주안역점,인천 남구 주안로,032-435-5533
361,경기부천시오정점,경기 부천시 오정구 부천로,032-672-9494
362,경기김포시김포1호점,경기 김포시 관순로,031-983-0998
363,경기부천시역곡남부점,경기 부천시 소사구 부광로,032-342-5554
364,인천부평구부평중앙점,인천 부평구 장제로,032-508-2229
365,인천부평구청천점,인천 부평구 마장로,032-501-2332
366,인천남동구만수2점,인천 남동구 만수서로,032-473-9282
367,인천서구가좌점,인천 서구 여우재로,032-578-9942
368,경기김포시고촌점,경기 김포시 고촌읍 은행영사정로,031-984-4492
369,경기김포시풍무점,경기 김포시 양도로,031-982-5592
370,경기김포시장기점,경기 김포시 김포한강로,031-985-9945
371,인천서구검암점,인천 서구 도요지로,032-567-4479
372,인천강화군강화1점,인천 강화군 강화읍 강화대로,032-933-0062
373,인천부평구부평남부점,인천 부평구 남부역로,032-505-9245
374,인천남동구간석점(B),인천 남동구 구월로,032-441-4479
375,인천연수구송도신도시점,인천 연수구 해돋이로,032-835-7441
376,경기부천시심곡북부점,경기 부천시 원미구 부흥로,032-666-9272
377,경기시흥시거모점(B),경기 시흥시 한우물로,031-495-4479
378,인천서구마전점,인천 서구 검단로,032-564-9982
379,인천중구월미점,인천 중구 월미로,032-777-6119
380,인천중구하늘도시점,인천 중구 하늘달빛로,032-751-9982
381,인천연수구선학점,인천 연수구 선학로,032-814-9977
382,경기시흥시시화점,경기 시흥시 중심상가로,031-434-9998
383,인천서구신현점(B),인천 서구 율도로,032-575-5592
384,인천옹진군백령점,인천 옹진군 백령면 백령로,032-836-2200
385,인천남동구논현택지점(B),인천 남동구 소래역서로,032-433-4479
386,인천남구문학관교점,인천 남구 매소홀로,032-428-8892
387,경기시흥시정왕점,경기 시흥시 정왕천로,031-432-0961
388,경기시흥시은행점,경기 시흥시 은행로,031-404-5551
389,경기부천시상동북부점,경기 부천시 원미구 송내대로,032-329-4555
390,인천부평구부일점,인천 부평구 경인로,032-362-9944
391,인천남동구서창1점,인천 남동구 장아산로,032-467-9292
392,인천남구제물포점,인천 남구 수봉안길,032-875-8181
393,인천연수구송도3동점,인천 연수구 송도문화로,032-812-2999
394,경기시흥시능곡점,경기 시흥시 장현능곡로,031-318-9222
395,인천연수구청학점,인천 연수구 비류대로,032-832-4479
396,인천연수구연수2동3동점,인천 연수구 샘말로,032-812-4492
397,인천서구청라1호점,인천 서구 청라에메랄드로,032-572-7000
398,인천계양구작전점,인천 계양구 주부토로,032-555-9218
399,인천부평구십정점,인천 부평구 열우물로,032-422-4456
400,경기부천시고강점,경기 부천시 오정구 역곡로,032-683-2511
401,인천남동구만수1점,인천 남동구 하촌로,032-471-4492
402,경기시흥시신천점(B),경기 시흥시 신천로,031-315-9922
403,인천중구운서점,인천 중구 영종대로,032-747-2255
404,인천계양구계양점,인천 계양구 임학서로,032-544-8292
405,인천연수구동춘점,인천 연수구 먼우금로,032-813-3388
406,경기김포시마송점,경기 김포시 통진읍 조강로,031-998-7272
407,경기시흥시목감점,경기 시흥시 논곡길,031-411-4479
408,인천부평구갈산점(B),인천 부평구 굴포로,032-501-7448
409,경기부천시중동1점,경기 부천시 원미구 중동로,032-657-9282
410,인천부평구삼산1동점,인천 부평구 대보로,032-502-4479
411,경기시흥시연성2지구점,경기 시흥시 장곡로,031-318-4492
412,인천계양구효성점(B),인천 계양구 목화밭길,032-544-1345
413,인천연수구옥련점(B),인천 연수구 한나루로,032-851-4479
414,인천남구주안2점,인천 남구 인주대로,032-865-4492
415,인천동구송림점,인천 동구 동산로,032-763-7979
416,인천남구용현점,인천 남구 아암대로,032-889-4482
417,인천서구석남점,인천 서구 면개포로,032-572-5454
418,인천계양구계산중앙점(B),인천 계양구 게양대로,032-554-9222
419,경기부천시여월점,경기 부천시 오정구 삼작로,032-682-4479
420,인천부평구부평롯데점,인천 부평구 경원대로,032-501-9233
421,인천서구연희점,인천 서구 승학로,032-566-4450
422,인천남동구구월점,인천 남동구 용천로,032-461-9982
423,경기부천시상동점,경기 부천시 원미구 조마루로,032-324-9282
424,인천부평구산곡점,인천 부평구 화랑남로,032-524-9990
425,인천계양구동양점,인천 계양구 당미길,032-547-2592
426,인천서구당하점,인천 서구 원당대로,032-566-0041
427,경기시흥시오이도역점,경기 시흥시 함송로,031-499-7192
428,경기남양주시오남리점,경기 남양주시 오남읍 진건오남로,031-574-9989
429,경기성남시신흥점,경기 성남시 수정구 수정남로,031-742-9913
430,경기남양주시금곡점,경기 남양주시 경춘로,031-591-4292
431,경기양평군양평점,경기 양평군 양평읍 양근로,031-775-3372
432,경기남양주시사능점,경기 남양주시 진건읍 진건오남로,031-575-8123
433,경기구리시인창점,경기 구리시 건원대로,031-565-4470
434,경기남양주시덕소점(B),경기 남양주시 와부읍 덕소로,031-577-9005
435,경기남양주시월산점,경기 남양주시 화도읍 경춘로,031-593-3233
436,경기가평군청평점,경기 가평군 청평면 잠곡로,031-584-7679
437,경기가평군가평점,경기 가평군 가평읍 석봉로,031-581-9982
438,경기이천시갈산점,경기 이천시 영창로,031-634-4402
439,경기여주시여주점,경기 여주시 여흥로,031-885-8886
440,경기가평군현리점,경기 가평군 하면 현창로,031-585-9929
441,경기남양주시호평점,경기도 남양주시 천마산로,031-559-6054
442,경기광주시태전점,경기 광주시 태봉로,031-767-9200
443,경기남양주시광릉내점,경기 남양주시 진접읍 광릉내로,031-575-8244
444,경기여주시가남점,경기 여주군 가남면 경충대로,031-883-8583
445,경기남양주시수동점,경기 남양주시 수동면 비룡로,031-511-2230
446,경기하남시덕풍점,경기 하남시 신평로,031-795-1140
447,경기구리시수택점,경기 구리시 원수택로,031-569-6622
448,경기광주시양벌점,경기 광주시 오포읍 양벌로,031-765-9964
449,경기양평군용문점,경기 양평군 용문면 다문북길,031-775-4044
450,경기남양주시도농점,경기 남양주시 미금로,031-551-6692
451,경기성남시이매점,경기 성남시 분당구 성남대로,031-703-4471
452,경기남양주시별내점,경기 남양주시 불암산로,031-529-4479
453,서울강동구길동1점,서울 강동구 진황도로,02-486-4492
454,서울강동구길동2점,서울 강동구 천호대로,02-482-7782
455,서울강동구성내1점,서울 강동구 천호옛길,02-472-4472
456,서울강동구강일점,서울 강동구 아리수로,02-428-0076
457,경기광주시오포2호점,경기 광주시 오포읍 오포로,031-765-4456
458,서울강동구암사2점,서울 강동구 고덕로,02-442-4456
459,경기성남시금광점,경기 성남시 중원구 산성대로,031-742-9282
460,경기남양주시평내점,경기 남양주시 경춘로,031-556-4479
461,경기양평군용두리점,경기 양평군 청운면 용두로,031-772-4479
462,경기남양주시덕소2호점,경기 남양주시 와부읍 수레로,031-521-6249
463,경기성남시상대원점,경기 성남시 중원구 박석로,031-735-4777
464,서울강동구천호2동점,서울 강동구 올림픽로,02-482-4482
465,서울강동구둔촌점,서울 강동구 천호대로,02-475-9282
466,경기성남시서현점(B),경기 성남시 분당구 중앙공원로,031-715-7978
467,경기성남시정자점,경기 성남시 분당구 백현로,031-714-4482
468,경기성남시정자2호점,경기 성남시 분당구 정자로,031-715-4462
469,서울강동구천호1점,서울 강동구 구천면로,02-477-5765
470,경기남양주시퇴계원점,경기 남양주시 퇴계원면 퇴계원로,031-571-9925
471,경기가평군북면점,경기 가평군 북면 화악산로,031-582-6789
472,경기광주시신현점,경기 광주시 오포읍 신현로,031-726-4413
473,경기성남시구미점,경기 성남시 분당구,031-712-9285
474,경기성남시도촌점,경기 성남시 중원구 도촌로,031-721-4479
475,경기하남시신장점,경기 하남시 하남대로,031-795-1120
476,경기남양주시창현점,경기 남양주시 화도읍 창현로,031-593-4482
477,경기성남시수진점,경기 성남시 수정구 산성대로,031-752-9936
478,경기성남시수내점(B),경기 성남시 분당구 발이봉북로,031-715-7975
479,경기광주시곤지암점,경기 광주시 곤지암읍 평촌길,031-798-9050
480,경기성남시서판교점,경기 성남시 분당구 판교로,031-8017-4479
481,경기남양주시진접지구점,경기 남양주시 진접읍 해밀예당로,031-574-4492
482,경기성남시위례중앙점,경기 성남시 수정구 위례서일로1길,031-721-4482
483,경기광주시광주점,경기 광주시 통미로,031-768-9913
484,경기이천시아미점,경기 이천시 부발읍 경충대로,031-635-3991
485,경기성남시동판교점(B),경기 성남시 분당구 동판교로,031-8017-2226
486,서울강동구명일점(B),서울 강동구 동남로,02-429-4479
487,경기양평군한화리조트점,경기 양평군 옥천면 신촌길,
488,경기남양주시별내2호점,경기 남양주시 두물로,031-574-4479
489,경기성남시야탑점,경기 성남시 분당구 매화로,031-706-4479
490,경기이천시관고동점,경기 이천시 영창로,031-631-7557
491,경기여주시오학점,경기 여주시 학동 1길,031-885-4482
492,경기성남시태평점,경기 성남시 수정구 탄리로,031-751-9913
493,경기성남시성남점,경기 성남시 중원구 원터로,031-755-7551
494,경기남양주시천마산점,경기 남양주시 화도읍 먹갓로,031-559-9233
495,경기구리시교문점,경기 구리시 안골로,031-566-9982
496,경기하남시미사1점,경기도 하남시 미사강변한강로,031-792-7792
497,경기오산시운암1점,경기 오산시 운천로,031-377-3171
498,경기안산시월피점,경기 안산시 상록구 예술광장로,031-405-4492
499,경기오산시궐동점,경기 오산시 궐동로,031-378-4592
500,경기평택시포승점,경기 평택시 포승읍 여술로,031-686-9799
501,경기화성시안녕점,경기 화성시 화산중앙로,031-235-4314
502,경기안산시초지점,경기 안산시 단원구 초지로,031-487-4485
503,경기화성시향남1지구점,경기 화성시 향남읍 행정서로2길,031-366-6200
504,경기오산시세교신도시점,경기 오산시 오산대역로,031-374-9492
505,경기평택시팽성점(B),경기 평택시 팽성읍 팽성대교길,031-691-4479
506,경기군포시군포점,경기 군포시 군포로,031-391-1147
507,경기군포시금정점,경기 군포시 당산로,031-396-9255
508,경기군포시대야미점,경기 군포시 대야로,031-438-7292
509,경기군포시산본목련점,경기 군포시 고산로,031-391-9250
510,경기수원시영통1호점,경기 수원시 영통구 매영로,031-273-9285
511,경기수원시우만점,경기 수원시 팔달구 중부대로,031-211-8208
512,경기용인시신갈점,경기 용인시 기흥구 용구대로,031-285-3784
513,경기용인시용인1호점,경기 용인시 처인구 중부대로,031-336-9909
514,경기의왕시내손동점,경기 의왕시 복지,031-426-9282
515,경기의왕시부곡점,경기 의왕시 부곡중앙남길,031-462-4472
516,경기용인시모현점,경기 용인시 처인구 모현면 백옥대로,031-332-3434
517,경기수원시매교세류점,경기 수원시 팔달구 효원로,031-898-5993
518,경기수원시정자2동점,경기 수원시 장안구 수성로,031-255-4492
519,경기용인시죽전1호점,경기 용인시 수지구 푸른솔로,031-263-9555
520,경기용인시구성점,경기 용인시 기흥구 마북로,031-283-8114
521,경기안산시본오1호점,경기 안산시 상록구 반석로,031-406-3274
522,경기화성시병점1호점,경기 화성시 경기대로,031-234-9986
523,경기안산시신도시점,경기 안산시 단원구 광덕로,031-414-4479
524,경기평택시지산점,경기 평택시 지산로,031-667-4492
525,경기평택시청북점,경기 평택시 청북면 안청로,031-682-8556
526,경기수원시매탄권선점,경기 수원시 영통구 권선로,031-235-7795
527,경기안산시와동점,경기 안산시 단원구 선부로,031-401-4406
528,경기안산시선부1점,경기 안산시 단원구 화정천서로,031-480-9931
529,경기오산시원동갈곶점,경기 오산시 밀머리로,031-372-1370
530,경기용인시상현점,경기 용인시 수지구 만현로,031-276-9291
531,경기용인시수지2지구점,경기 용인시 수지구 정평로,031-265-4988
532,경기용인시풍덕천점,경기 용인시 수지구 풍덕천로,031-896-6677
533,경기용인시동백지구점,경기 용인시 기흥구 평촌로,031-275-0064
534,경기평택시이충장당점,경기 평택시 이충로,031-666-4479
535,경기화성시남양점,경기 화성시 남양시장로,031-355-4484
536,경기평택시안중점,경기 평택시 안중읍 안현로서길,031-682-8414
537,경기안산시사동점,경기 안산시 상록구 감골로,031-406-0999
538,경기화성시향남2지구점,경기 화성시 향남읍 한절이길,031-358-0119
539,경기평택시용이지구점,경기 평택시 현신로,031-656-4479
540,경기수원시세류2호점,경기 수원시 권선구 덕영대로,031-226-4482
541,경기용인시서천점,경기 용인시 기흥구 서천서로,031-205-5225
542,경기안산시중앙점(B),경기 안산시 단원구 예술대학로,031-405-4482
543,경기안산시선부1동점,경기 안산시 단원구 선부광장서로,031-402-4003
544,경기군포시산본역점(B),경기 군포시 쟁골길,031-398-7878
545,경기수원시신영통점,경기 수원시 영통구 태장로,031-205-9285
546,경기용인시보라점,경기 용인시 기흥구 한보라로,031-274-7379
547,경기화성시동탄1호점,경기 화성시 동탄지성로,031-613-4492
548,경기화성시동탄2호점,경기 화성시 동탄반석로,031-613-1344
549,경기수원시곡반정점,경기 수원시 권선구 곡선로,031-267-4479
550,경기수원시호매실점,경기 수원시 권선구 매실로,031-298-9299
551,경기수원시매탄2동점,경기 수원시 영통구 산남로,031-212-0055
552,경기용인시상갈점,경기 용인시 기흥구 금화로,031-287-4479
553,경기용인시백암점,경기 용인시 백암로,031-321-9279
554,경기수원시구운탑동점,경기 수원시 권선구 구운로,031-278-3001
555,경기수원시정자1동점,경기 수원시 장안구 대평로,031-258-4492
556,경기수원시조원점,경기 수원시 장안구 조원로,031-245-9291
557,경기수원시율천점,경기 수원시 장안구 율전로,031-293-9291
558,경기수원시고색오목점,경기 수원시 권선구 고산로,031-291-6630
559,경기용인시양지점,경기 용인시 처인구 양지면 남곡로,031-322-2570
560,경기화성시팔탄점,경기 화성시 팔탄면 구장길,031-354-8550
561,경기수원시신매탄점,경기 수원시 영통구 매탄로,031-217-9577
562,경기용인시둔전점(B),경기 용인시 처인구 포곡읍 포곡로,031-321-4447
563,경기안산시일동점,경기 안산시 상록구 식물원로,031-502-4479
564,경기용인시죽전2호점,경기 용인시 수지구 죽전로,031-889-4777
565,경기수원시인계점,경기 수원시 팔달구 장다리로,031-221-1292
566,경기화성시동탄청계점,경기 화성시 동탄치 동천로 3길,031-374-4482
567,경기화성시와우리점(B),경기 화성시 봉담읍 와우로,031-225-9291
568,경기평택시세교점,경기 평택시 세교상가길,031-654-9288
569,경기안산시신길지구점,경기 안산시 단원구 도일로,031-508-0202
570,경기수원시영화점(B),경기 수원시 장안구 장안로,031-257-4479
571,경기수원시인계중앙점,경기 수원시 팔달구 권광로,031-212-4495
572,경기화성시봉담점,경기 화성시 봉담읍 오래길,031-297-4470
573,경기용인시강남대점,경기 용인 기흥구 강남동로,031-274-1166
574,경기수원시권선점(B),경기 수원시 권선구 권중로,031-232-4479
575,경기용인시흥덕지구점(B),경기 용인시 기흥구 흥덕로,031-212-4492
576,경기평택시비전1호점,경기 평택시 중앙로,031-651-4479
577,경기수원시화서점,경기 수원시 팔달구 팔달로,031-242-5582
578,경기용인시신봉점,경기 용인시 수지구 신봉로,031-263-4479
579,경기수원시광교1호점,경기 수원시 영통구 법조로,031-214-4479
580,경기평택시소사벌점,경기 평택시 비전6길,031-692-9292
581,경기수원시연무점(B),경기 수원시 장안구 연무로,031-257-4392
582,경기안산시본오2호점,경기 안산시 상록구 본원로,031-408-4479
583,경기화성시동탄3호점,경기 화성시 여울로,031-8015-4479
584,경기화성시동탄역점,경기 화성시 동탄대로,031-375-4492
585,경기안산시원곡점,경기 안산시 단원구 원선로,031-492-7755
586,경기수원시화서꽃뫼점(B),경기 수원시 팔달구 일월로,031-278-4492
587,충남아산시온천점,충남 아산시 문화로,041-534-9969
588,충남천안시쌍용1점,충남 천안시 서북구 쌍용길,041-575-9285
589,충남천안시두정1점,충남 천안시 서북구 부성길,041-558-9285
590,충남당진군합덕점,충남 당진시 합덕읍 중동길,041-363-9282
591,충남천안시신방1점,충남 천안시 동남구 새말길,041-573-9285
592,충남홍성군홍성점,충남 홍성군 홍성읍 문화로,041-633-9285
593,충남천안시직산점,충남 천안시 서북구 직산읍 아랫말길,041-585-2662
594,충남천안시구성점,충남 천안시 동남구 삼룡천길,041-556-9285
595,충남계룡시계룡점,충남 계룡시 엄사면 번영로,042-840-7772
596,충남아산시배방점,충남 아산시 배방읍 배방로,041-534-9285
597,충남아산시용화점,충남 아산시 시민로,041-547-9285
598,충남연기군조치원점,세종시 조치원읍 신흥샛터길,044-862-9285
599,충남아산시신창점,충남 아산시 서부북로,041-543-8292
600,충남천안시병천북면점,충남 천안시 동남구 충절로,041-568-9285
601,충남태안군태안1점,충남 태안군 태안읍 군청길,041-672-4482
602,충남천안시신부점,충남 천안시 동남구 천안천길,041-555-4482
603,충남아산시장존점,충남 아산시 외암로,041-547-4479
604,충남천안시입장점,충남 천안시 서북구 입장면 입장로,041-585-4479
605,충남보령시대천점,충남 보령시 대천로,041-934-9285
606,충남예산군예산점,충남 예산군 예산읍 역전로,041-333-9285
607,충남천안시목천신계점,충남 천안시 동남구 목천읍 목천안터길,041-522-4479
608,충남천안시풍세점,충남 천안시 동남구 풍세면 풍년길,041-555-4546
609,충남논산시연무점,충남 논산시 연무읍 연무로,041-742-9285
610,충남공주시금학점,충남 공주시 우금티로,041-858-4479
611,충남천안시안서점,충남 천안시 동남구 중암샛길,041-555-4479
612,충남당진시당진2점,충남 당진시 원당로,041-356-4479
613,충남서천군서면점,충남 서천군 서면 공암남촌길,041-951-4456
614,충남홍성군내포신도시점,충남 홍성군 홍북면 의향로,041-632-4479
615,충남논산시논산항공학교,충청남도 논산시 노성면 송당리,NotPhone
616,충남천안시신방초원점,충남 천안시 동남구 수곡로,041-575-4479
617,충남당진시석문점,충남 당진시 석문면 대호만로,041-356-4566
618,충남당진시송악점,충남 당진시 송악읍 도고머리길,041-353-0852
619,충남아산시장재점,충남 아산시 배방읍 새아산로,041-534-4479
620,충남금산군금산점(B),충남 금산군 금산읍 금산로,041-753-4949
621,충남서천군서천점(B),충남 서천군 서천읍 서천로,041-953-6799
622,충남천안시신방통정점,충남 천안시 동남구 풍세로,041-577-4479
623,충남예산군삽교점,충남 예산군 삽교로,041-337-2121
624,충남보령시대천해수욕장점,충남 보령시 해수욕장10길,041-935-8292
625,충남아산시음봉점,충남 아산시 음봉면 음봉로,041-541-4479
626,충남천안시불당점,충남 천안시 서북구 불당길,041-552-9285
627,충남서산시읍내점,충남 서산시 부춘로,041-665-4479
628,충남천안시쌍봉점,충남 천안시 서북구 봉서길,041-572-4479
629,충남서산시성연점,충남 서산시 성연면 성연3로,041-669-5670
630,충남보령시무창포해수욕장점,충남 보령시 웅천읍 열린바다로,041-936-4479
631,충남서산시동문점,충남 서산시 안견로,041-681-9285
632,충남논산시논산1점(B),충남 논산시 시민로,041-736-9285
633,세종시한솔동세종첫마을점,세종시 누리로,044-865-9285
634,충남아산시영인점,충남 아산시 영인면 영인로,041-549-9289
635,충남부여군부여점,충남 부여군 부여읍 사비로,041-833-9285
636,충남공주시신관점,충남 공주시 번영로,041-881-9285
637,충남천안시두정대아점,충남 천안시 서북구 두정중길,041-561-9285
638,세종시아름동아름점,세종 보듬로,044-864-9242
639,충남당진군당진점,충남 당진시 교동길,041-355-7933
640,충남태안군안면점,충남 태안군 안면읍 장터로,041-673-4838
641,충남천안시성환점,충남 천안시 서북구 성환읍 신선동길,041-588-9286
642,충북충주시한국교통대점,충북 충주시 대소원면 대학로,043-855-7774
643,충북단양군단양점,충북 단양군 단양읍 도전길,043-423-4482
644,충북음성군음성점,충북 음성군 음성읍 시장로,043-873-9282
645,경기안성시죽산점,경기 안성시 죽산면 중부길,031-676-8929
646,충북충주시수안보점,충북 충주시 수안보면 온천중앙길,043-844-4492
647,경기안성시안성1점(B),경기 안성시 안성맞춤대로,031-674-4430
648,경기안성시홍익점,경기 안성시 금광면 신양복길,031-677-4492
649,충북증평군증평점,충북 증평군 증평읍 충청대로,043-838-4482
650,충북단양군매포읍점,충북 단양군 매포읍 단양로,043-423-4479
651,충북충주시칠금점,충북 충주시 우륵로,043-855-4492
652,경기안성시중앙대점(B),경기 안성시 대덕면 중앙대학로,031-675-4479
653,충북괴산군괴산점,충북 괴산군 괴산읍 읍내로,043-834-4492
654,충북제천시강제점,충북 제천시 청풍호로,043-645-4479
655,충북음성군생극점,충북 음성군 생극면 음성로,043-881-8880
656,충북제천시제천1점,충북 제천시 숭문로,043-643-0114
657,충북음성군맹동점,충북 음성군 맹동면 덕금로,043-878-9917
658,충북충주시목행동량점,충북 충주시 행정길,043-845-4479
659,충북충주시대소원면점,충북 충주시 대소원면 새터길,043-854-3399
660,충북충주시건대점,충북 충주시 충열길,043-856-1577
661,충북충주시충주3점,충북 충주시 중원대로,043-856-1588
662,충북충주시신니면점,충북 충주시 신니면 덕고개로,043-851-4479
663,경기안성시일죽점,경기 안성시 일죽면 금일로,031-672-5648
664,충북제천시신백점,충북 제천시 신백로,043-653-1113
665,충북음성군대소점,충북 음성군 대소면 오태로,043-882-4482
666,충북진천군광혜원점(B),충북 진천군 광혜원면 화랑1길,043-532-4479
667,충북제천시청전점,충북 제천시 의림대로 31길,043-647-4479
668,충북진천군덕산점(B),충북 진천군 덕산면 용몽길,043-532-7222
669,충북진천군진천점,충북 진천군 진천읍 중앙서로,043-534-9282
670,충북음성군맹동혁신도시점,충북 음성군 대하로,043-883-4479
671,충북음성군삼성점(B),충북 음성군 삼성면 덕정로,043-881-4479
672,충북음성군금왕점(B),충북 음성군 금왕읍 무극로,043-883-8857
673,충북충주시충주1점,충북 충주시 금제길,043-856-9929
674,경기안성시공도2점,경기 안성시 공도읍 공도3로,031-652-8279
675,충북충주시충주2점,충북 충주시 형설로,043-854-8577
676,경기안성시동아방송대점,경기 안성시 삼죽면 동아예대길,031-674-4447
677,대전유성구신성자운점,대전 유성구 가정로,042-862-9982
678,충북청주시용암점,충북 청주시 상당구 낙영로,043-296-1515
679,충북청주시가경1점,충북 청주시 흥덕구 풍년로,043-233-9888
680,충북청주시하복대점,충북 청주시 흥덕구 진재로,043-233-9998
681,충북청주시사직점,충북 청주시 서원구 호국로,043-273-9992
682,대전유성구원내점,대전 유성구 진잠로,042-543-4479
683,대전서구만년점,대전 서구 만년남로번길,042-482-9582
684,대전유성구노은점,대전 유성구 반석로,042-823-9286
685,대전대덕구신탄진점,대전 대덕구 신탄진동로,042-935-9285
686,충북청주시강내점,충북 청주시 흥덕구 강내면 월곡길,043-237-8292
687,대전서구가장내동점,대전 서구 도솔로,042-532-4479
688,대전동구한남대막시무스점,대전 동구 옛신탄진로,042-627-4479
689,대전유성구봉명구암점,대전 유성구 대학로,042-321-4482
690,충북청주시율량점,충북 청주시 청원구 공항로,043-212-4334
691,충북옥천군옥천점,충북 옥천군 옥천읍 성신로,043-733-4492
692,대전동구가양비래점,대전 동구 우암로,042-623-9233
693,대전서구갈마점,대전 서구 계룡로,042-526-9249
694,대전동구우송대점,대전 동구 동대전로,042-636-4479
695,대전유성구송강봉산점,대전 유성구 봉산로,042-935-4492
696,충북청주시개신점,충북 청주시 서원구 신율로,043-267-2008
697,대전중구중촌목동점,대전 중구 목동로,042-383-4479
698,대전서구도마점,대전 서구 사마길,042-535-4479
699,충북청주시오송점,충북 청주시 흥덕구 오송읍 연제길,043-234-4477
700,충북청주시내수점,충북 청주시 청원구 내수읍 은곡묵방길,043-213-0100
701,대전중구부사점,대전 중구 보문로,042-242-4479
702,충북청주시분평점(B),충북 청주시 서원구 순환로,043-295-4479
703,충북청주시사천점,충북 청주시 청원구 새터로,043-215-7007
704,충북청주시강서가경2점(B),충북 청주시 흥덕구 서현북로,043-236-7282
705,충북청주시용담광장점,충북 청주시 상당구 산성로,043-284-9945
706,대전서구월평점,대전 서구 월평중로,042-485-4479
707,충북청주시산남3지구성화점,충북 청주시 서원구 원흥로,043-292-4479
708,대전유성구테크노점,대전 유성구 관들길,042-934-4479
709,대전서구도안신도시점,대전 서구 도안북로,042-353-4479
710,대전대덕구법동점,대전 대덕구 계족로,042-622-4479
711,충북청주시용암2점(B),충북 청주시 상당구 중고개로,043-295-8888
712,대전서구둔산점,대전 서구 둔산남로,042-483-9292
713,대전유성구학하덕명점,대전 유성구 학하남로,042-826-4479
714,대전동구가오점,대전 동구 은어송로,042-282-4479
715,대전서구탄방점,대전 서구 문정로,042-472-4479
716,대전중구문화점,대전 중구 보문산로,042-584-6600
717,충북청주시오창점,충북 청주시 청원구 오창읍 연구단지로,043-216-4492
718,충북청주시산남점,충북 청주시 서원구 수곡로,043-288-9970
719,대전서구행복점,대전 서구 정림서로,042-585-9233
720,대전대덕구송촌점(B),대전 대덕구 송촌북로,042-672-4479
721,충북청주시율량2지구점,충북 청주시 청원구 율량로,043-214-4479
722,충북청주시청대점,충북 청주시 청원구 상당로,043-223-9285
723,대전중구태평점,대전 중구 태평로,042-527-9982
724,대전동구용운판암점,대전 동구 동부로,042-271-4479
725,대전유성구궁동어은점(B),대전 유성구 농대로,042-861-4479
726,충북보은군보은점,충북 보은군 보은읍 삼산로,043-544-1223
727,충북청주시봉명점,충북 청주시 흥덕구 백봉로,043-264-9285
728,대전유성구전민점,대전 유성구 전민로,042-864-4479
729,충북영동군영동점,충북 영동군 영동읍 학산영동로,043-745-4479
730,대구달성군화원점,대구 달성군 화원읍 화암로,053-644-9985
731,대구북구칠곡1점,대구 북구 대천로,053-323-9980
732,경북영주시영주2점,경북 영주시 구성로,054-636-9994
733,대구달서구상인점,대구 달서구 상인로,053-635-6611
734,경북구미시공단비산점,경상북도 구미시 비산로5길,054-463-5066
735,경북칠곡군중리점,경북 칠곡군 석적읍 북중리길,054-976-1009
736,경북안동시안동점,경북 안동시 서동문로,054-858-9930
737,대구수성구범어점,대구 수성구 범어로,053-755-9282
738,경북칠곡군오태북삼점,경북 칠곡군 북삼읍 금오대로,054-972-4423
739,경북영주시풍기점,경북 영주시 풍기읍 동성로,054-638-9288
740,경북구미시상모사곡점,경북 구미시 상사서로,054-465-4479
741,경북구미시봉곡도량점,경북 구미시 도봉로,054-443-4482
742,대구달서구용산1점,대구 달서구 와룡로,053-523-4482
743,대구수성구시지1점,대구 수성구 달구벌대로,053-795-9985
744,대구달서구신월배점,대구 달서구 조암남로,053-633-9282
745,경북봉화군봉화점,경북 봉화군 봉화읍 내성로,054-673-4420
746,대구북구산격점,대구 북구 동북로,053-942-4479
747,대구동구효목점,대구 동구 효목로,053-954-9982
748,경북경산시영대점,경북 경산시 대학로,053-818-8992
749,대구달서구두류광장점,대구 달서구 야외음악당로,053-652-4482
750,경북안동시옥동송현점,경북 안동시 광명로,054-855-4479
751,경북경산시계양사동점,경북 경산시 계양로,053-802-4482
752,경북경산시진량점,경북 경산시 진량읍 영청길,053-857-9995
753,경북상주시함창점,경북 상주시 함창읍 함창시장길,054-541-4479
754,대구남구봉덕점,대구 남구 중앙대로,053-475-4479
755,대구수성구황금점,대구 수성구 청수로,053-768-9282
756,경북청도군청도점,경북 청도군 청도읍 청화로,054-373-4469
757,경북안동시용상점,경북 안동시 경동로,054-821-9901
758,경북구미시인동점,경북 구미시 인동길,054-474-4478
759,경북김천시아포점,경북 김천시 아포읍 한지길,054-436-4492
760,대구북구태전점(B),대구 북구 구암로,053-321-4479
761,경북구미시선산점,경북 구미시 선산읍 남문로,054-481-9191
762,경북영주시휴천점,경북 영주시 대학로,054-636-8787
763,대구수성구시지사월점,대구 수성구 달구벌대로,053-793-4479
764,대구달서구대곡진천점(B),대구 달서구 한실로,053-633-4479
765,대구북구고성동점,대구 북구 옥산로,053-355-4479
766,경북김천시김천1점,경북 김천시 김천로,054-430-4482
767,대구동구율하점,대구 동구 율하동로,053-965-4479
768,대구동구신천동점,대구 동구 국채보상로,053-754-4479
769,대구달서구성당점(B),대구 달서구 감삼남길 ,053-555-9282
770,경북구미시송정원평점,경북 구미시 금오산로,054-443-4479
771,대구남구대명2점,대구 남구 성당시장길,053-654-9984
772,경북상주시상주2호점,경북 상주시 동수길,054-533-4423
773,대구수성구상동점,대구 수성구 수성로,053-768-4479
774,대구달서구대곡역점,대구 달서구 비슬로,053-638-4479
775,대구달성군서재점,대구 달성군 다사읍 서재로,053-587-4479
776,대구달서구신당점,대구 달서구 신당로,053-592-4485
777,경북고령군고령점,경북 고령군 고령읍 시장길,054-954-4479
778,대구동구동호점,대구 동구 동호로,053-963-4482
779,대구북구관음읍내동점,대구 북구 칠곡중앙대로,053-323-4479
780,대구달성군논공점,대구 달성군 논공읍 논공중앙로,053-615-4482
781,경북경산시하양점,경북 경산시 하양읍 하양역길,053-853-4479
782,대구수성구범물점,대구 수성구 지범로,053-784-4479
783,경북김천시덕곡율곡점,경북 김천시 영남대로,054-434-4470
784,대구달성군현풍점,대구 달성군 현풍면 테크노중앙대로,053-611-4446
785,경북경산시서부백천점,경북 경산시 경산로,053-801-9900
786,경북김천시신음삼락점,경북 김천시 시청로,054-437-4479
787,경북예천군예천점,경북 예천군 예천읍 중앙로,054-654-4492
788,대구달성군구지점,대구 달성군 구지면 창리중앙길,053-611-4462
789,경북칠곡군왜관점,경북 칠곡군 왜관읍 중앙로,054-972-8066
790,대구동구방촌점,대구 동구 동촌로,053-981-9050
791,대구서구내당대신동점,대구 서구 달서로,053-567-4479
792,대구달성군다사점,대구 달성군 다사읍 대실역북로,053-593-4482
793,대구동구신암동점,대구 동구 신암로,053-944-4479
794,경북구미시임수황상점,경북 구미시 인동북길,054-471-7227
795,경북구미시신평점,경북 구미시 신비로,054-463-4479
796,경북구미시원호도량1동점,경북 구미시 고아읍 문장로,054-444-8244
797,경북의성군의성점,경북 의성군 의성읍 동서1길,054-834-4482
798,대구달서구장기점,대구 달서구 구마로,053-522-8890
799,대구동구불로봉무점,대구 동구 팔공로길,053-958-8200
800,대구남구대명남산점,대구 남구 명덕로,053-621-9282
801,대구북구만평점,대구 서구 서대구로,053-356-4113
802,대구달서구성서점,대구 달서구 선원로,053-593-9982
803,대구수성구지산점,대구 수성구 용학로,053-784-9966
804,대구달서구송현점,대구 달서구 월배로,053-626-9994
805,대구북구사수금호점,대구 북구 한강로,053-325-4479
806,경북경산시옥산정평점,경북 경산시 대학로,053-812-6636
807,경북구미시옥계점,경북 구미시 산호대로,054-471-4490
808,경북구미시형곡점,경북 구미시 형곡로,054-442-9979
809,대구북구칠성점,대구 북구 칠성로,053-341-0044
810,대구서구평리점,대구 서구 국채보상로,053-552-4499
811,대구북구동서변점,대구 북구 서변로,053-944-9282
812,경북구미시산동확장단지점,경북 구미시 산동면 신당인덕1로,054-473-4479
813,대구중구동성로점,대구 중구 공평로,053-257-9982
814,대구달서구이월드점,대구 달서구 두류공원로,
815,대구북구복현검단점,대구 북구 경진로,053-942-4479
816,대구달성군옥포점,대구 달성군 돌미로2길,053-611-4482
817,경북문경시문경점,경북 문경시 점촌로,054-555-8858
818,대구수성구수성점(B),대구 수성구 신천동로,053-751-4482
819,경북울진군북면점,경북 울진군 북면 울진북로,054-781-4246
820,경북포항시대이점,경북 포항시 남구 대이로,054-275-5052
821,경북경주시황성점,경북 경주시 황성로,054-776-5770
822,경북포항시연일점,경북 포항시 남구 연일읍 철강로,054-286-4447
823,경북포항시용흥점,경북 포항시 북구 새마을로,054-254-4482
824,경북포항시흥해점,경북 포항시 북구 흥해읍 흥해로,054-261-9979
825,경북포항시효곡점,경북 포항시 남구 효자동길,054-282-9982
826,울산울주군남창점,울산 울주군 온양읍 연안길,052-238-4491
827,경북포항시달전점,경북 포항시 북구 흥해읍 도음로,054-262-8201
828,경북포항시송도점,경북 포항시 남구 송림로,054-242-8544
829,경북영천시야사점,경북 영천시 망정로,054-333-3733
830,경북경주시동천점,경북 경주시 동천로,054-775-9973
831,울산울주군구영점,울산 울주군 범서읍 대리길,052-248-9982
832,울산북구호계점,울산 북구 동대길,052-293-4479
833,경북포항시청하점,경북 포항시 북구 청하면 청하로,054-232-1535
834,경북포항시양덕점,경북 포항시 북구 양덕로,054-255-4482
835,경북울진군백암점,경북 울진군 온정면 소태로,054-787-4004
836,울산중구우정점,울산 중구 유곡로,052-242-1400
837,경북경주시강동점,경북 경주시 강동면 동해대로,054-762-4479
838,울산동구전하점,울산 동구 진성길,052-235-9985
839,경북울진군죽변점,경북 울진군 죽변면 죽변북로,054-781-4482
840,경북경주시충효점,경북 경주시 충효녹지길,054-776-4479
841,경북포항시우현점,경북 포항시 북구 선착로,054-255-9955
842,경북경주시안강점,경북 경주시 안강읍 구부랑길,054-761-8999
843,울산남구신정점,울산 남구 월평로,052-256-4423
844,울산중구병영점,울산 중구 동천길,052-297-4479
845,울산남구옥동점,울산 남구 문수로,052-256-1244
846,경북울진군후포점,경북 울진군 후포면 삼율길,054-788-9982
847,울산남구야음점,울산 남구 수암로,052-227-9331
848,울산남구무거2호점,울산 남구 삼호로,052-223-4479
849,울산남구삼산점,울산 남구 삼산로,052-910-9282
850,울산동구남목점,울산 동구 미포길,052-232-4479
851,울산북구화봉점(B),울산 북구 두부곡길,052-287-4479
852,울산북구양정점,울산 북구 염포로,052-283-4479
853,울산울주군언양점(B),울산 울주군 언양읍 동부길,052-254-4479
854,울산중구우정혁신점,울산 중구 종가길,052-244-4479
855,경북포항시두호점,경북 포항시 북구 삼호로,054-251-8582
856,울산남구야음2점,울산 남구 신선로,052-258-4479
857,경북경주시내남점,경북 경주시 이조중앙길,054-748-4479
858,경북포항시해도점(B),경북 포항시 남구 해동로,054-281-4492
859,경북경주시외동점,경북 경주시 입실로,054-741-4479
860,울산동구화정점(B),울산 동구 월봉길,052-236-3330
861,경북울진군울진점,경북 울진군 울진읍 울진중앙로,054-781-6363
862,울산동구방어점,울산 동구 화잠길,052-201-4479
863,울산북구강동점,울산 북구 산하동 강동산하지구,052-211-4479
864,경북경주시건천점,경북 경주시 건천읍 대곡용명길,054-751-4479
865,경북포항시남부점,경북 포항시 남구 상도로,054-278-9982
866,경북경주시성건점,경북 경주시 금성로,054-774-9901
867,경북포항시오천점,경북 포항시 남구 오천읍 문덕로,054-291-9922
868,울산남구울산대점,울산 남구 대학로,052-223-9982
869,경북포항시죽도점,경북 포항시 북구 중흥로,054-278-0454
870,울산남구달동점,울산 남구 신정로,052-269-9282
871,경북영덕군영해점,경북 영덕군 영해면 예주시장길,054-734-3553
872,경북영덕군영덕점,경북 영덕군 영덕읍 군청길,054-733-0054
873,울산북구아진점,울산 북구 아진로,052-282-4479
874,경북경주시금장점,경북 경주시 현곡면 안현로,054-743-4479
875,경북포항시장성점,경북 포항시 북구 법원로,054-243-2999
876,울산중구약사점,울산 중구 구교길,052-285-0400
877,울산중구반구점,울산 중구 염포로,052-281-4488
878,울산중구다운점,울산 중구 다운로,052-222-4479
879,부산부산진구양정점,부산 부산진구 범양로,051-804-9282
880,부산북구금곡점,부산 북구 효열로,051-362-2002
881,부산부산진구당감부암1점,부산 부산진구 백양순환로,051-892-8292
882,부산기장군기장점,부산 기장군 기장읍 대라리,051-721-9909
883,부산금정구서동점,부산 금정구 서동로,051-521-4492
884,부산금정구남산점,부산 금정구 중앙대로,051-518-4492
885,부산금정구구서1점,부산 금정구 금강로,051-582-4482
886,부산북구화명2점,부산 북구 학사로,051-365-4492
887,부산부산진구신개금점,부산 부산진구 개금본동로,051-892-4492
888,부산동래구사직1점,부산 동래구 사직북로,051-502-4485
889,부산사하구다대1점,부산 사하구 윤공단로,051-265-9298
890,부산남구용호점,부산 남구 용호로,051-623-4492
891,부산사상구학장엄궁점,부산 사상구 학감대로,051-311-4492
892,부산금정구부산대점,부산 금정구 금강로,051-514-9985
893,부산동래구안락1점,부산 동래구 연안로,051-532-4492
894,부산서구부민충무점,부산 서구 구덕로,051-241-7949
895,부산해운대구반송1점,부산 해운대구 윗반송로,051-544-8272
896,부산금정구부곡1점,부산 금정구 오륜대로,051-582-8272
897,부산사하구하단점(B),부산 사하구 낙동대로,051-293-9296
898,부산수영구남천점,부산 수영구 수영로,051-628-4492
899,부산수영구광안1점,부산 수영구 광안로,051-755-4492
900,부산사하구구평감천점,부산 사하구 을숙도대로,051-262-9994
901,부산사하구다대2점,부산 사하구 다대로,051-261-9297
902,부산북구덕천점,부산 북구 덕천길,051-342-6900
903,부산수영구민락점,부산 수영구 수영로,051-758-4479
904,부산사상구괘법점,부산 사상구 낙동대로,051-311-4479
905,부산남구문현점,부산 남구 고동골로,051-632-4492
906,부산연제구거제점,부산 연제구 월드컵대로,051-852-4479
907,부산연제구시청점,부산 연제구 중앙대로,051-868-4494
908,부산부산진구초읍연지점,부산 부산진구 성지로,051-818-4492
909,부산부산진구전포점,부산 부산진구 동성로,051-817-4482
910,부산사하구괴정행복점,부산 사하구 사리로,051-204-4479
911,부산부산진구가야당감점,부산 부산진구 가야대로,051-897-4492
912,부산서구대신점,부산 서구 망양로,051-248-5779
913,부산부산진구범천점,부산 부산진구 신암로,051-636-4479
914,부산영도구청학점,부산 영도구 태종로,051-415-4492
915,부산동래구명장점,부산 동래구 명안로,051-525-4482
916,부산해운대구반여2점,부산 해운대구 선수촌로,051-523-4492
917,부산해운대구송정점,부산 해운대구 송정해변로,051-703-4492
918,부산금정구부곡행복점,부산 금정구 부곡로,051-516-4445
919,부산사상구주례점,부산 사상구 주례로,051-328-4492
920,부산중구중부산점,부산 중구 대청로,051-469-9295
921,부산영도구동삼점,부산 영도구 동삼로,051-403-9972
922,부산사상구신주례점,부산 사상구 양지로,051-325-4479
923,부산동구초량점,부산 동구 초량상로,051-441-1466
924,부산사하구신평점,부산 사하구 다대로142번길,051-201-4479
925,부산영도구남항점,부산 영도구 남항로,051-416-4479
926,부산연제구연산토곡점,부산 연제구 과정로,051-755-5636
927,부산사하구당리점,부산 사하구 승학로,051-206-4492
928,부산수영구망미점,부산 수영구 연수로,051-756-4479
929,부산강서구강서구청점,부산 강서구 대저로,051-831-4492
930,부산사상구모덕점,부산 사상구 사상로,051-301-4479
931,부산동구범일점,부산 동구 자성로,051-638-4479
932,부산남구대연못골점,부산 남구 진남로,051-625-4492
933,부산남구대연점,부산 남구 유엔로,051-612-4482
934,부산남구감만점,부산 남구 석포로,051-632-4479
935,부산강서구명지국제신도시점,부산 강서구 명지국제8로 234,051-271-4479
936,부산강서구명지오션시티점,부산 강서구 명지오션시티로,051-204-4492
937,부산동래구온천3동점,부산 동래구 충렬대로,051-504-4492
938,부산해운대구우1점,부산 해운대구 해운대해변로,051-731-4414
939,부산해운대구해운대신도시1호점,부산 해운대구 달맞이길,051-744-4492
940,부산북구구포1점,부산 북구 시랑로,051-335-9944
941,부산연제구연산로타리점,부산 연제구 거제천로,051-852-4445
942,부산부산진구가야개금1점,부산 부산진구 냉정로,051-892-8866
943,부산해운대구해운대행복점,부산 해운대구 좌동순환로,051-747-9244
944,부산해운대구재송반여점,부산 해운대구 재송2로,051-781-4479
945,부산동래구수민점,부산 동래구 명륜로,051-555-4492
946,부산해운대구해운대중동점,부산 해운대구 좌동순환로,051-747-3457
947,부산해운대구센텀점,부산 해운대구 재반로,051-783-4492
948,부산해운대구벡스코점,부산 해운대구 해운대로,051-747-4498
949,부산북구만덕점,부산 북구 덕천로,051-333-8686
950,부산사하구괴정1점,부산 사하구 장평로,051-202-7992
951,부산사상구모라1점,부산 사상구 백양대로,051-312-4492
952,부산남구용호행복점,부산 남구 동명로,051-623-4479
953,부산기장군정관점,부산 기장군 정관면 구연로,051-728-4492
954,부산동래구온천점,부산 동래구 차밭골로,051-552-4482
955,경남통영시북신점,경남 통영시 북신동 해미당길,055-642-5592
956,경남진주시신안점,경남 진주시 진양호로,055-741-1255
957,경남거제시장승포점,경남 거제시 장승포로,055-682-1073
958,경남거제시중곡점,경남 거제시 중곡로,055-635-5092
959,경남창원시월영점,경남 창원시 마산합포구 월영북로,055-247-4482
960,경남양산시북정점,경남 양산시 북정중앙로,055-365-4492
961,경남산청군덕산점,경남 산청군 시천면 남명로,055-973-4004
962,경남사천시삼천포점,경남 사천시 벌리로,055-833-4498
963,경남진주시중앙상봉점,경남 진주시 진주성로,055-746-4479
964,경남진주시상대점,경남 진주시 돗골로,055-753-7856
965,경남김해시한림점,경남 김해시 한림면 한림로,055-345-9676
966,경남창원시상남점,경남 창원시 성산구 토월로,055-282-1157
967,경남김해시삼계점,경남 김해시 가야로,055-339-9288
968,경남진주시금산점,경남 진주시 금산면 금산로,055-761-0144
969,경남함양군함양점,경남 함양군 함양읍 용평길,055-963-6446
970,경남창원시내서삼계점,경남 창원시 마산회원구 내서읍 삼계숲길,055-231-9989
971,경남김해시삼방점,경남 김해시 삼안로,055-335-4492
972,경남양산시덕계1호점,경남 양산시 평산남4길,055-367-4780
973,경남창원시반송1호점,경남 창원시 의창구 용지로153번길,055-266-4499
974,경남김해시외동점,경남 김해시 함박로,055-312-4492
975,경남양산시범어점,경남 양산시 물금읍 화합길,055-382-9299
976,경남김해시팔판점,경남 김해시 팔판로,055-314-4492
977,경남김해시진례점,경남 김해시 진례면 송현로,055-346-4469
978,경남마산시해운점,경남 창원시 마산합포구 월영동길,055-241-8896
979,경남거제시옥포점,경남 거제시 옥포대첩로,055-687-9234
980,경남창원시사파점,경남 창원시 성산구 동산로,055-267-8001
981,경남양산시서창점,경남 양산시 삼호동부길,055-366-9255
982,경남거제시상동점,경남 거제시 거제중앙로,055-638-4481
983,경남마산시호계점,경남 창원시 마산회원구 내서읍 호원로,055-231-5666
984,경남창원시도계점,경남 창원시 의창구 원이대로,055-265-4492
985,경남고성군고성점,경남 고성군 고성읍 성내로,055-673-5579
986,경남함안군함안점,경남 함안군 가야읍 함안대로,055-585-9289
987,경남창원시봉곡점,경남 창원시 의창구 봉곡로,055-277-4495
988,경남김해시율하1점,경남 김해시 율하로,055-321-4418
989,경남김해시진영점,경남 김해시 진영읍 장등로,055-342-4485
990,경남하동군하동점,경남 하동군 하동읍 중앙로,055-884-4431
991,경남창원시진동점,경남 창원시 마산합포구 진동면 삼진의거대로,055-271-9444
992,경남거제시아주점,경남 거제시 용소길,055-681-4442
993,경남창원시창동점,경남 창원시 마산합포구 남성로,055-222-4492
994,경남거제시지세포점,경남 거제시 일운면 거제대로,055-681-9892
995,경남통영시죽림점,경남 통영시 광도면 죽림3로,055-649-4479
996,경남창원시중앙여좌점,경남 창원시 진해구 편백로,055-542-9942
997,경남함안군군북점,경남 함안군 군북면 중암길,055-584-9289
998,경남창원시NC다이노스점,경남 창원시 마산회원구 삼호로,NotPhone
999,경남창원시회원점,경남 창원시 마산회원구 북성로,055-248-1794
1000,경남진주시판문점,경남 진주시 새평거로,055-745-4479
1001,경남창원시소답점,경남 창원시 의창구 읍성로,055-251-4479
1002,경남밀양시내일점,경남 밀양시 약산로,055-353-4992
1003,경남사천시사천점(B),경남 사천시 정동면 진삼로,055-852-4479
1004,경남의령군의령점,경남 의령군 의령읍 의병로,055-572-4492
1005,경남밀양시삼문점,경남 밀양시 미리벌중앙로 85,055-356-7077
1006,경남창원시감계점,경남 창원시 의창구 북면 감계로,055-298-4417
1007,경남진주시문산혁신점,경남 진주시 문산읍 소문길,055-756-4477
1008,경남함양군서하점,경남 함양군 서하면 함양남서로,055-963-9266
1009,경남창원시북면온천점,경남 창원시 의창구 북면 천주로,055-298-8899
1010,경남김해시동상점,경남 김해시 호계로,055-332-4479
1011,경남창원시명곡점,경남 창원시 의창구 명지로,055-288-4479
1012,경남양산시증산1호점,경남 양산시 물금읍 백호길,055-384-4492
1013,경남양산시석산점,경남 양산시 동면 금오길,055-382-4479
1014,경남창녕군남지점,경남 창녕군 난지읍 남지중앙2길,055-536-9277
1015,경남양산시어곡점,경남 양산시 어실로,055-910-5595
1016,경남거제시거제면점,경남 거제시 읍내로,055-632-9266
1017,경남창원시석전점,경남 창원시 마산회원구 석전남8길,055-255-4492
1018,경남합천군합천점,경남 합천군 합천읍 충효로,055-932-0015
1019,경남창원시가음점,경남 창원시 성산구 가양로,055-283-9989
1020,경남창원시풍호점,경남 창원시 진해구 풍호로,055-547-4492
1021,경남창원시동읍점,경남 창원시 의창구 동읍 의창대로,055-292-4479
1022,경남창원시용원점,경남 창원시 진해구 안골로,055-552-4492
1023,경남창원시합성1호점(B),경남 창원시 마산회원구 합성동길,055-255-4479
1024,경남진주시도동점,경남 진주시 대신로,055-763-4482
1025,경남진주시가호점,경남 진주시 개양로,055-756-2008
1026,경남남해군남해점,경남 남해군 남해읍 화전로,055-864-1700
1027,경남진주시망경점,경남 진주시 진주대로,055-763-4492
1028,경남거제시장평점,경남 거제시 장평로,055-632-4492
1029,경남양산시남부점,경남 양산시 중앙로,055-382-4492
1030,경남창원시양덕1호점,경남 창원시 마산회원구 양덕북길,055-251-4492
1031,경남진해시석동점,경남 창원시 진해구 진해대로,055-551-4492
1032,경남거창군거창1점,경남 거창군 거창읍 아림로,055-943-4479
1033,경남통영시봉평미수점,경남 통영시 서송정1길,055-645-6737
1034,경남창원시팔용점,경남 창원시 의창구 남산로,055-297-4491
1035,경남창원시대방점,경남 창원시 성산구 대암로,055-285-4492
1036,경남남해군상주점,경남 남해군 상주면 남해대로,055-862-9049
1037,경남김해시장유1호점,경남 김해시 능동로,055-311-4999
1038,경남창원시반지점,경남 창원시 성산구 반송로,055-237-4479
1039,경남창녕군창녕점,경남 창녕군 창녕읍 창녕대로,055-532-4475
1040,전북전주시서신점,전북 전주시 완산구 서신천변길,063-272-4492
1041,전북전주시송천점,전북 전주시 덕진구 천마산로,063-255-4492
1042,전북전주시중화산점,전북 전주시 완산구 메너머길,063-223-4492
1043,전북전주시호성점,전북 전주시 덕진구 소리로,063-247-4492
1044,전북전주시평화1점,전북 전주시 완산구 평화길,063-228-4492
1045,전북익산시부송점,전북 익산시 부송로,063-835-4492
1046,전북김제시김제점,전북 김제시 동서로,063-545-4492
1047,전북정읍시시기점,전북 정읍시 천변로,063-532-4492
1048,전북남원시남원점,전라북도 남원시 동문로,063-636-4492 
1049,전북고창군고창점,전북 고창군 고창읍 성산길,063-563-4481
1050,전북전주시진북인후점,전북 전주시 덕진구 팔달로,063-278-4483
1051,전북전주시서학중앙점(B),전북 전주시 완산구 서학길,063-231-4492
1052,전북군산시옥서점,전북 군산시 옥서면 옥구저수지로,063-463-4492
1053,전북군산시소룡산북점,전북 군산시 동아로,063-468-4434
1054,전북무주군무주스키점,전북 무주군 설천면 구천동로,063-322-4479
1055,전남광양시중동점,전남 광양시 광장로,061-793-4492
1056,전남여수시안산점,전남 여수시 도원로,061-683-4482
1057,전남여수시서교점,전남 여수시 서교길,061-642-4492
1058,전남여수시국동점,전남 여수시 구봉산길,061-642-9282
1059,전남광양시광영점,전남 광양시 금영로,061-795-4492
1060,전남순천시삼산점,전남 순천시 중앙로,061-754-4492
1061,전남순천시중앙점,전남 순천시 장명로,061-745-9244
1062,전남순천시왕지점,전남 순천시 연동남길,061-727-4492
1063,전북정읍시수성점,전북 정읍시 수성로,063-537-4479
1064,전북군산시나운2점,전북 군산시 나운안길,063-466-4479
1065,전북군산시조촌점,전북 군산시 진포로,063-446-4492
1066,전남순천시조례점,전남 순천시 비봉길,061-723-7799
1067,전북익산시신동남중점,전북 익산시 익산대로,063-851-4492
1068,전남순천시금당지구점,전남 순천시 해룡면 조례못등길,061-722-7799
1069,전남순천시연향점,전남 순천시 연향번영길,061-722-4492
1070,전북군산시수송점,전북 군산시 수송길,063-465-4482
1071,전남구례군구례지리산온천점,전남 구례군 산동면 하관길,061-782-4479
1072,전남여수시여서점,전남 여수시 대치길,061-651-5673
1073,전북익산시영등점,전북 익산시 고봉로,063-853-4492
1074,전북완주군혁신점,전북 완주군 이서면 안전로,063-225-4479
1075,전북전주시효자점,전북 전주시 완산구 강변로,063-227-4482
1076,전북군산시나운1점,전북 군산시 신설길,063-468-4492
1077,전북전주시서곡점,전북 전주시 완산구 서곡길,063-271-4492
1078,전북완주군삼례우석대점,전북 완주군 삼례읍 동학로,063-291-4479
1079,전북무주군무주점,전북 무주군 무주읍 단천로,063-323-4479
1080,전북익산시동산점,전북 익산시 서동로,063-843-4492
1081,전남광양시광양제철점,전남 광양시 백운로,061-799-9292
1082,전북완주군봉동3공단점,전북 완주군 봉동읍 원둔산길,063-261-4492
1083,전남여수시둔덕점,전남 여수시 쌍봉로,061-653-4479
1084,전북익산시함열점,전북 익산시 함열읍 함열중앙로,063-862-4479
1085,전북군산시중앙점,전북 군산시 중앙로,063-445-4479
1086,전북군산시오식도점,전북 군산시 가도로,063-468-9295
1087,전북익산시모현점,전북 익산시 고현로길,063-852-4492
1088,전북전주시삼천점,전북 전주시 완산구 거마남로,063-224-4452
1089,전북전주시아중점,전북 전주시 덕진구 동가재미길,063-242-9225
1090,전북부안읍부안점,전북 부안군 부안읍 수정길,063-581-4490
1091,전남광양시광양점,전남 광양시 광양읍 인서길,061-761-4492
1092,전북군산시군산대점,전북 군산시 미제길,063-461-4492
1093,전남순천시남제점,전남 순천시 우석로,061-741-4492
1094,전남광양시마동점,전남 광양시 사동로,061-792-8244
1095,전남순천시신대점,전남 해룡면 좌야로,061-723-4479
1096,전남여수시무선지구점,전남 여수시 무선길,061-683-9982
1097,전북전주시덕진전북대점,전북 전주시 덕진구 명륜길,063-253-4482
1098,전북전주시동산점,전북 전주시 덕진구 쪽구름길,063-212-4492
1099,전북전주시전주대점,전북 전주시 효자로,063-236-4492
1100,전남여수시신기점,전남 여수시 새터로,061-684-0082
1101,광주북구오치매곡점,광주 북구 안산로,062-269-9988
1102,전남영광군영광점,전남 영광군 영광읍 신남로,061-351-1554
1103,광주광산구운남점,광주 광산구 월곡중앙로,062-952-9994
1104,광주북구동림점,광주 북구 동림용산로,062-513-9995
1105,전남목포시하당1점,전남 목포시 백년대로,061-285-9997
1106,광주서구금호점,광주 서구 금화로,062-383-9935
1107,전남목포시용해점,전남 목포시 용당로,061-279-4492
1108,전남목포시연산점,전남 목포시 원산로,061-273-4999
1109,전남보성군보성점,전남 보성군 보성읍 중앙로,061-853-9713
1110,전남목포시하당2점,전남 목포시 삼향천로,061-283-9936
1111,전남강진군강진점,전남 강진군 강진읍 중앙로,061-433-9954
1112,광주북구일곡점,광주 북구 송해로,062-575-4492
1113,광주서구풍암점,광주 서구 풍암신암로,062-655-9982
1114,전남화순군화순점,전남 화순군 화순읍 만연로,061-375-4492
1115,광주광산구첨단1호점,광주 광산구 산월로,062-974-4492
1116,광주북구용봉점,광주 북구 설죽로,062-522-4492
1117,광주북구양산점,광주 북구 양산택지로,062-576-9995
1118,광주서구상무점,광주 서구 상무평화로,062-383-4492
1119,광주남구진월점,광주 남구 서문대로,062-674-4492
1120,광주광산구송정1점,광주 광산구 남동길,062-945-4492
1121,광주서구화정1점,광주 서구 염화로,062-375-4492
1122,전남고흥군고흥점,전남 고흥군 고흥읍 봉황길,061-834-3777
1123,광주북구두암1점,광주 북구 삼정로,062-251-4492
1124,광주서구쌍촌1점,광주 서구 상일로,062-382-4492
1125,전남해남군해남점,전남 해남군 해남읍 중앙로,061-537-6692
1126,광주남구방림양림점,광주 남구 방림로,062-655-4492
1127,광주광산구우산소촌점,광주 광산구 우산로,062-941-9940
1128,광주남구주월점,광주 남구 회서로,062-651-4492
1129,광주북구중흥점,광주 북구 당뫼로,062-524-9992
1130,전남보성군벌교점,전남 보성군 벌교읍 채동선로,061-857-4492
1131,전남나주시나주점,전남 나주시 나주로,061-333-4492
1132,광주광산구수완1점,광주 광산구 장덕로,062-959-9929
1133,광주동구학동점,광주 동구 천변우로,062-222-4492
1134,광주서구동천점,광주 서구 동천로,062-512-4492
1135,전남완도군완도점,전남 완도군 완도읍 개포로,061-554-4492
1136,광주남구월산까치점,광주 남구 독립로,062-365-8299
1137,전남장흥군장흥점,전남 장흥군 장흥읍 북부로,061-864-4479
1138,광주광산구산정점,광주 광산구 하남대로,062-951-4479
1139,전남함평군함평점,전남 함평군 함평읍 중앙길,061-324-4492
1140,전남목포시석현점(B),전남 목포시 텃골로,061-284-9942
1141,전남진도군진도점,전남 진도군 진도읍 남문길,061-542-7557
1142,광주북구첨단2지구점,광주 북구 임방울대로,062-576-4492
1143,광주남구효천점,광주 남구 효우로,062-671-4492
1144,광주광산구선운점,광주 광산구 선운중앙로,062-941-4492
1145,전남나주시영산포점,전남 나주시 남교길,061-333-4447
1146,전남해남군우수영점,전남 해남군 문내면 동영길,061-532-4492
1147,전남무안군목포대점,전남 무안군 청계면 도림길,061-452-0792
1148,전남고흥군녹동점,전남 고흥군 도양읍 비봉로,061-844-4492
1149,광주북구문흥점,광주 북구 면앙로,062-252-4492
1150,전남영암군삼호점,전남 영암군 삼호읍 대불주거로,061-462-4492
1151,광주동구산수점,광주 동구 필문대로,062-222-5992
1152,전남무안군무안점,전남 무안군 무안읍 하마로,061-454-9992
1153,광주남구봉선1점,광주 남구 봉선로,062-652-4492
1154,광주광산구신가점,광주 광산구 신창로,062-955-9289
1155,전남무안군남악점,전남 무안군 삼향읍 남악로,061-285-9208
1156,전남목포시삼학점,전남 목포시 산정로,061-273-2121
1157,전남나주시나주혁신도시점,전남 나주시 빛가람로,061-332-4492
1158,전남담양군담양점,전남 담양군 담양읍 죽향대로,061-383-4492
1159,제주제주시용담점,제주 제주시 용문로,064-713-4482
1160,제주제주시노형점,제주 제주시 연화로,064-745-4492
1161,제주제주시외도점,제주 제주시 일주서로,064-747-4490
1162,제주제주시화북삼양점,제주 제주시 진남로,064-724-4492
1163,제주서귀포시중문점,제주 서귀포시 천제연로,064-738-7792
1164,제주서귀포시서귀포1점,제주 서귀포시 일주동로,064-763-4492
1165,제주서귀포시성산점,제주 서귀포시 성산읍 고성동서로,064-782-4492
1166,제주서귀포시서귀포2호점,제주 서귀포시 장수로,064-732-4479
1167,제주제주시도남점,제주 제주시 독짓골길,064-752-4492
1168,제주서귀포시강정해군기지점,제주 서귀포시 강정동,064-738-4479
1169,제주서귀포시신시가지점,제주 서귀포시 신북로,064-739-4401
1170,제주서귀포시대정점,제주 서귀포시 대정읍 하모항구로6번길,064-794-3336
1171,제주서귀포시표선점,제주 서귀포시 표선면 표선동서로,064-787-4492
1172,제주제주시일도점,제주 제주시 청귤로,064-727-4492
1173,제주제주시애월점,제주 제주시 애월읍 곽지5길,064-799-4492
1174,제주제주시연동점,제주 제주시 연동길,064-749-4492
1175,제주제주시한림점,제주 제주시 한림읍 한림로,064-796-4452
1176,제주제주시아라점,제주 제주시 중앙로,064-726-4479
1177,제주제주시조천함덕점,제주 제주시 조천읍 함덕길,064-784-9945
1178,서울구로구고척스카이돔점,서울 구로구 경인로 430,02-2688-7721
