	< 1 page >
번호|		지점명			|			  주소  			|	전화번호
 1	|	강원홍천군홍천점 	|	강원도홍천군홍천읍갈마로4	|	033-435-7983
 2	|	강원양구군방산점 	|	강원도양구군방산면장거리길18	|	033-481-8892
 3	|	강원춘천시석사점 	|	강원도춘천시우석로79번길4-1	|	033-262-6007
 4	|	강원춘천시퇴계점 	|	강원도춘천시춘주로187번길20-4	|	033-242-8119
 5	|	강원홍천군시동점 	|	강원홍천군남면시동리5번지5925부대내	|	033-432-9288
 6	|	강원인제군신남점 	|	강원도인제군남면신남로23	|	033-461-0049
 7	|	강원춘천시교동후평점 	|	강원도춘천시성심로23-1	|	033-244-8892
 8	|	강원화천군사내점 	|	강원도화천군사내면사내로33	|	033-441-9292
 9	|	강원인제군인제점 	|	강원도인제군인제읍인제로197-1	|	033-463-7999
 10	|	강원화천군산양리점 	|	강원도화천군상서면영서로7740-4	|	033-442-4484
 11	|	강원양구군동면점 	|	강원도양구군동면금강산로1681	|	033-482-2292
 12	|	강원철원군지경리점 	|	강원도철원군갈말읍청양로81-1	|	033-458-3505
 13	|	강원인제군서화점(B) 	|	강원도인제군서화면천도로126번길6	|	033-462-4479
 14	|	강원화천군다목리점 	|	강원도화천군상서면수피령로1306	|	033-441-9288
 15	|	강원철원군자등리점 	|	강원도철원군서면자등로578	|	033-458-9233
 16	|	강원철원군신철원점 	|	강원도철원군갈말읍삼부연로17번길3-14	|	033-452-9911
 17	|	강원홍천군대명비발디점 	|	강원도홍천군서면한치골길48	|	033-435-4479
 18	|	강원화천군화천점 	|	강원도화천군화천읍중앙로5	|	033-441-9233
 19	|	경기포천시운천점 	|	경기포천시영북면운천로16	|	031-534-9293
 20	|	강원철원군동송점 	|	강원도철원군동송읍금학로202	|	033-456-0635
 21	|	강원철원군와수리점 	|	강원도철원군서면와수로181번길7-16	|	033-458-5332
 22	|	강원춘천시효자점 	|	강원춘천시서부대성로194	|	033-256-0074
 23	|	강원춘천시칠전송암점 	|	강원춘천시옛경춘로492	|	033-251-4479
 24	|	강원인제군현리점 	|	강원인제군기린면내린천로3905-1	|	033-461-9294
	< 2 page >
번호|		지점명			|			  주소  			|	전화번호
 1	|	강원양구군양구점 	|	강원양구군양구읍중앙길12	|	033-481-9995
 2	|	강원철원군내대리점 	|	강원철원군갈말읍두루미로414	|	033-452-1111
 3	|	강원춘천시강북점 	|	강원춘천시충열로78-3	|	033-252-0086
 4	|	강원강릉시포남1점 	|	강원강릉시가작로287번길7	|	033-652-9976
 5	|	강원영월군영월점 	|	강원영월군영월읍은행나무길58	|	033-375-9696
 6	|	강원강릉시초당점 	|	강원강릉시초당원길19	|	033-653-9298
 7	|	강원원주시단계점 	|	강원원주시원문로146	|	033-748-0213
 8	|	강원원주시명륜점 	|	강원원주시남산로30	|	033-761-9288
 9	|	강원태백시태백점 	|	강원태백시황지로238	|	033-554-4494
 10	|	강원원주시단관점 	|	강원원주시단관초교길9	|	033-748-9494
 11	|	강원속초시교동점 	|	강원속초시수복로74	|	033-633-4425
 12	|	강원속초시조양점 	|	강원속초시동해대로3996	|	033-637-4466
 13	|	강원원주시문막점 	|	강원원주시문막읍건등로40-3	|	033-734-4482
 14	|	강원동해시부곡점 	|	강원동해시발한로96	|	033-534-9993
 15	|	강원양양군양양점 	|	강원양양군양양읍양양로83-1	|	033-673-4492
 16	|	강원양양군하조대점 	|	강원양양군현북면조준길6	|	033-672-1658
 17	|	강원평창군진부점 	|	강원평창군진부면진부중앙로50	|	033-336-4492
 18	|	강원동해시망상점 	|	강원동해시동해대로6270-31	|	033-534-3377
 19	|	강원강릉시내곡점 	|	강원강릉시범일로579번길49-2	|	033-643-9954
 20	|	강원속초시금호점 	|	강원속초시미시령로3473	|	033-638-4482
 21	|	강원원주시무실점 	|	강원원주시섬밭들2길16-2	|	033-746-4479
 22	|	강원동해시천곡점 	|	강원동해시한섬로18	|	033-532-9591
 23	|	강원동해시효가점 	|	강원동해시동해대로5033	|	033-521-2676
 24	|	강원태백시장성점 	|	강원태백시장성로43-2	|	033-581-5677
	< 3 page >
번호|		지점명			|			  주소  			|	전화번호
 1	|	강원원주시태장점 	|	강원원주시북원로2704-4	|	033-745-9979
 2	|	강원평창군대관령점 	|	강원평창군대관령면경강로5166	|	033-335-9599
 3	|	강원평창군장평점 	|	강원평창군용평면경강로1663-1	|	033-333-4491
 4	|	강원정선군정선점 	|	강원정선군정선읍봉양6길28	|	033-562-4477
 5	|	강원횡성군횡성점 	|	강원횡성군횡성읍읍하로25번길14	|	033-344-4479
 6	|	강원강릉시홍제점 	|	강원도강릉시홍제로33	|	033-643-9993
 7	|	강원평창군봉평점 	|	강원평창군봉평면태기로68	|	033-334-5255
 8	|	강원강릉시솔올점 	|	강원강릉시원대로155	|	033-641-4560
 9	|	강원강릉시입암점 	|	강원강릉시강변로410번길36	|	033-643-9976
 10	|	강원강릉시사천해변점 	|	강원도강릉시사천면진리해변길99	|	033-644-8881
 11	|	강원원주시개운단구점 	|	강원원주시서원대로383	|	033-766-4479
 12	|	강원원주시혁신도시점 	|	강원원주시웅비2길8	|	033-742-4479
 13	|	강원원주시반곡봉산점 	|	강원원주시반곡길47	|	033-731-9986
 14	|	강원삼척시교동점 	|	강원삼척시정상로10-6	|	033-573-8000
 15	|	강원강릉시주문진점 	|	강원강릉시주문진읍주문로11	|	033-661-4488
 16	|	서울도봉구신창점 	|	서울특별시도봉구덕릉로60길161	|	02-998-9592
 17	|	경기파주시선유점 	|	경기파주시문산읍독서울1길22	|	031-953-1842
 18	|	경기양주시광적점 	|	경기도양주시광적면삼일로23	|	031-836-3436
 19	|	경기연천군전곡점 	|	경기도연천군전곡읍은전로78번길30	|	031-832-9956
 20	|	경기동두천시생연점 	|	경기도동두천시삼육사로980	|	031-862-9298
 21	|	경기포천시신읍리점 	|	경기도포천시왕방로159	|	031-531-9280
 22	|	서울도봉구도봉1점 	|	서울특별시도봉구마들로724	|	02-955-3356
 23	|	경기양주시신산점 	|	경기도양주시남면개나리11길38-4	|	031-861-9252
 24	|	서울강북구미아점 	|	서울특별시강북구도봉로34길39	|	02-982-8292
	< 4 page >
번호|		지점명			|			  주소  			|	전화번호
 1	|	경기의정부시의정부1점 	|	경기도의정부시호국로1298번길18	|	031-846-9952
 2	|	경기양주시덕계점 	|	경기도양주시평화로1412	|	031-864-9982
 3	|	경기양주시장흥점 	|	경기도양주시장흥면호국로177	|	031-855-5474
 4	|	서울성동구행당1점 	|	서울특별시성동구왕십리로21길25	|	02-2293-4479
 5	|	서울노원구상계1점 	|	서울특별시노원구동일로237다길7	|	02-952-9288
 6	|	경기연천군대광리점 	|	경기도연천군신서면연신로1155-1	|	031-834-8207
 7	|	서울은평구불광점 	|	서울특별시은평구불광로197	|	02-355-1192
 8	|	서울용산구원효점 	|	서울특별시용산구새창로14길22	|	02-707-0983
 9	|	경기고양시풍동점 	|	경기도고양시일산동구숲속마을2로106-2	|	031-966-4492
 10	|	경기고양시주교점 	|	경기도고양시덕양구원당로69번길14	|	031-965-9234
 11	|	경기의정부시금오지구점 	|	경기도의정부시청사로5번길8-17	|	031-853-9989
 12	|	서울성북구정릉점 	|	서울특별시성북구보국문로90	|	02-943-9592
 13	|	서울서대문구홍제1점 	|	서울특별시서대문구통일로39나길47	|	02-3216-4450
 14	|	경기고양시중산점 	|	경기도고양시일산동구탄중로417번길7-3	|	031-975-4492
 15	|	경기양주시송추점 	|	경기도양주시장흥면호국로569	|	031-826-1934
 16	|	서울중랑구묵2동점 	|	서울특별시중랑구동일로163길36	|	02-975-4527
 17	|	경기고양시라페스타점 	|	경기도고양시일산동구무궁화로7-45	|	031-905-9982
 18	|	경기파주시봉일천점 	|	경기도파주시조리읍송비말길22	|	031-947-4192
 19	|	서울동대문구용두1호점 	|	서울특별시동대문구정릉천동로58	|	02-922-3777
 20	|	경기포천시양문점 	|	경기도포천시영중면양문로87-1	|	031-532-6608
 21	|	서울마포구망원점 	|	서울특별시마포구포은로68	|	02-323-7383
 22	|	서울노원구공릉점 	|	서울특별시노원구공릉로42길21	|	02-971-9288
 23	|	서울동대문구신이문점 	|	서울특별시동대문구한천로421-1	|	02-966-8955
 24	|	서울노원구상계마들점 	|	서울특별시노원구한글비석로54길116	|	02-934-4479
	< 5 page >
번호|		지점명			|			  주소  			|	전화번호
 1	|	경기고양시문촌점 	|	경기도고양시일산서구킨텍스로340	|	031-912-4479
 2	|	경기파주시문산점 	|	경기도파주시문산읍문향로30	|	031-953-9479
 3	|	경기고양시성석점 	|	경기도고양시일산동구성현로41-6	|	031-977-4412
 4	|	서울성북구보문점 	|	서울특별시성북구보문로47	|	02-922-0118
 5	|	경기고양시행신3점 	|	경기도고양시덕양구화신로105상가동103호	|	031-978-1629
 6	|	서울서대문구이대역점 	|	서울특별시서대문구연세로2길84	|	02-3272-0036
 7	|	서울중랑구망우점 	|	서울특별시중랑구용마산로493	|	02-433-4479
 8	|	경기고양시식사동점 	|	경기도고양시일산동구위시티2로33	|	031-963-4414
 9	|	경기양주시고읍지구점 	|	경기도양주시고읍로35번길29-7	|	031-845-9282
 10	|	서울광진구화양점 	|	서울특별시광진구아차산로21길43	|	02-462-8887
 11	|	경기연천군연천점 	|	경기도연천군연천읍연천로330	|	031-834-8245
 12	|	경기고양시주엽1점 	|	경기도고양시일산서구대산로58	|	031-912-8892
 13	|	서울광진구자양2점 	|	서울특별시광진구뚝섬로52가길6	|	02-454-3336
 14	|	서울광진구어린이대공원점 	|	서울특별시광진구광나루로521	|	02-466-6572
 15	|	서울은평구역촌점 	|	서울특별시은평구역말로7길3-2	|	02-359-4472
 16	|	서울강북구수유점 	|	서울특별시강북구삼양로68길12	|	02-985-0092
 17	|	경기포천시이동점 	|	경기도포천시이동면장암1길9-1	|	031-531-9289
 18	|	서울은평구신사점 	|	서울특별시은평구증산로17길8-1	|	02-307-4472
 19	|	서울강북구삼각산점 	|	서울특별시강북구삼양로19길74	|	02-982-8282
 20	|	서울광진구구의3점 	|	서울특별시광진구구의로4길44	|	02-455-9922
 21	|	경기동두천시송내지구점 	|	경기도동두천시동두천로149	|	031-857-4144
 22	|	서울중랑구면목1동점 	|	서울중랑구사가정로49길43	|	02-437-9202
 23	|	서울동대문구장안점 	|	서울특별시동대문구장한로14길68	|	02-2245-1917
 24	|	서울노원구중계본동점 	|	서울특별시노원구중계로12가길29	|	02-934-5559
	< 6 page >
번호|		지점명			|			  주소  			|	전화번호
 1	|	서울노원구상계2점 	|	서울특별시노원구상계로9가길17	|	02-951-4492
 2	|	경기양주시덕정점 	|	경기도양주시화합로1402번길24-50	|	031-859-4977
 3	|	서울도봉구방학1점 	|	서울특별시도봉구도당로27길20	|	02-3491-4479
 4	|	경기고양시대화점 	|	경기도고양시일산서구강성로214번길16-4	|	031-925-5592
 5	|	서울성북구동소문점 	|	서울특별시성북구아리랑로5길39	|	02-923-4492
 6	|	경기의정부시장암점 	|	경기도의정부시장곡로322번길14-9	|	031-855-9003
 7	|	서울동대문구청량리점 	|	서울특별시동대문구홍릉로50	|	02-968-0092
 8	|	경기포천시내촌점 	|	경기도포천시내촌면내촌로26	|	031-531-3222
 9	|	서울도봉구방학2점 	|	서울특별시도봉구방학로117	|	02-955-4482
 10	|	경기연천군백학점 	|	경기도연천군백학면두백로11-6	|	031-835-8508
 11	|	경기양주시백석점 	|	경기도양주시백석읍양주산성로544	|	031-879-9114
 12	|	경기의정부시신곡점 	|	경기도의정부시시민로176	|	031-842-9995
 13	|	서울용산구후암점 	|	서울특별시용산구한강대로104라길39	|	02-756-6225
 14	|	서울성북구장위2동점 	|	서울특별시성북구돌곶이로27길59-3	|	02-913-9290
 15	|	서울성북구석관점(B) 	|	서울특별시성북구한천로76길20	|	02-960-4492
 16	|	서울성동구한양점 	|	서울특별시성동구마조로59	|	02-2294-9282
 17	|	서울종로구광화문점(B) 	|	서울특별시종로구사직로8길20	|	02-730-9244
 18	|	경기포천시일동점 	|	경기도포천시일동면화동로1063번길1-2	|	031-531-9288
 19	|	서울성북구월곡점 	|	서울특별시성북구오패산로46	|	02-943-4492
 20	|	서울성동구금호점 	|	서울특별시성동구독서당로315-4	|	02-2299-2272
 21	|	서울은평구응암점 	|	서울특별시은평구응암로286	|	02-387-3366
 22	|	서울동대문구전농2점 	|	서울특별시동대문구답십리로23길9	|	02-2241-8292
 23	|	경기고양시행신2점 	|	경기도고양시덕양구무원로6무원빌딩111호	|	031-973-0702
 24	|	경기의정부시금오점 	|	경기도의정부시하금로25번길5	|	031-847-9670
	< 7 page >
번호|		지점명			|			  주소  			|	전화번호
 1	|	경기고양시백마점 	|	경기도고양시일산동구경의로309	|	031-904-4482
 2	|	경기고양시덕이점 	|	경기도고양시일산서구탄중로101번길60	|	031-923-1311
 3	|	서울종로구창신점(B) 	|	서울특별시종로구지봉로62	|	02-766-9282
 4	|	경기의정부시호원점 	|	경기도의정부시평화로428번길14	|	031-871-0298
 5	|	경기파주시광탄점 	|	경기도파주시광탄면새뜰길7	|	031-946-4492
 6	|	경기동두천시중앙점 	|	경기도동두천시동광로81번길15	|	031-861-2234
 7	|	서울광진구중곡2점 	|	서울특별시광진구동일로64길14	|	02-464-4479
 8	|	경기고양시신원점 	|	경기도고양시덕양구권율대로831판매시설동지1층103호	|	02-381-4492
 9	|	서울광진구자양점 	|	서울특별시광진구능동로10길109	|	02-452-9200
 10	|	서울마포구서교점 	|	서울특별시마포구월드컵북로7길11	|	02-322-7339
 11	|	서울강북구번동점 	|	서울특별시강북구오현로31길129	|	02-987-4479
 12	|	서울마포구성산점 	|	서울특별시마포구월드컵북로27길19	|	02-305-9993
 13	|	서울동대문구휘경1점 	|	서울특별시동대문구한천로244-11	|	02-2212-6888
 14	|	서울서대문구남가좌점 	|	서울특별시서대문구증가로10길5	|	02-304-4479
 15	|	서울마포구광흥창역점 	|	서울특별시마포구독막로156	|	02-335-4492
 16	|	경기의정부시망월사역점 	|	경기도의정부시평화로196	|	031-875-2929
 17	|	서울광진구군자송정점 	|	서울특별시광진구동일로52길15	|	02-499-4479
 18	|	경기의정부시가능3점 	|	경기도의정부시호국로1135번길25	|	031-829-8850
 19	|	서울성북구길음점 	|	서울특별시성북구삼양로12길5	|	02-953-5100
 20	|	경기고양시백석1점 	|	경기도고양시일산동구백석로72번길22	|	031-907-8845
 21	|	경기포천시송우점 	|	경기도포천시소흘읍봉솔로3길17	|	031-543-4244
 22	|	경기고양시관산점 	|	경기도고양시덕양구통일로780번길16	|	031-969-2225
 23	|	서울노원구하계1점 	|	서울특별시노원구공릉로59가길28	|	02-976-8292
 24	|	서울마포구상암점(B) 	|	서울특별시마포구월드컵북로47길46	|	02-373-4479
	< 8 page >
번호|		지점명			|			  주소  			|	전화번호
 1	|	서울서대문구연희점 	|	서울특별시서대문구연희로90	|	02-3143-4479
 2	|	경기파주시금촌2동점 	|	경기도파주시황골로69	|	031-949-4355
 3	|	서울용산구숙대점 	|	서울특별시용산구청파로333	|	02-718-4479
 4	|	경기고양시고양동점 	|	경기도고양시덕양구혜음로56	|	031-964-5592
 5	|	서울중랑구면목2점 	|	서울특별시중랑구망우로30길34	|	02-434-5999
 6	|	서울중구중림점 	|	서울특별시중구중림로10	|	02-365-4479
 7	|	서울용산구이촌점 	|	서울특별시용산구이촌로46	|	02-712-4482
 8	|	경기고양시화정2점 	|	경기고양시덕양구화정로86	|	031-978-4445
 9	|	서울도봉구창동점 	|	서울도봉구덕릉로59마길40	|	02-995-8228
 10	|	서울성북구성신여대점(B) 	|	서울성북구보문로26길83-191층	|	02-921-4479
 11	|	서울광진구중곡1점 	|	서울광진구면목로148	|	02-468-5592
 12	|	서울은평구녹번점 	|	서울특별시은평구은평로20길8	|	02-358-4482
 13	|	경기의정부시신시가지점 	|	경기의정부시범골로82번길30	|	031-879-6160
 14	|	서울종로구혜화점 	|	서울특별시종로구명륜길5	|	02-765-4479
 15	|	경기파주시적성점 	|	경기파주시적성면청송로1020	|	031-958-7999
 16	|	서울용산구보광점 	|	서울용산구보광로52-1	|	02-749-4479
 17	|	서울마포구홍대역점 	|	서울특별시마포구동교로192	|	02-334-9254
 18	|	서울종로구종로점 	|	서울종로구수표로26길12파고다빌딩1층	|	02-2275-0388
 19	|	서울중구신당2점 	|	서울중구청구로17길77	|	02-2231-4479
 20	|	경기파주시법원점 	|	경기파주시법원읍사임당로791	|	031-959-1017
 21	|	경기파주시운정1점 	|	경기파주시와석순환로307	|	031-948-2332
 22	|	서울마포구공덕점 	|	서울마포구만리재로86	|	02-703-4479
 23	|	서울도봉구쌍문점 	|	서울도봉구노해로38길7	|	02-900-9912
 24	|	경기고양시능곡점 	|	경기고양시덕양구행당로2	|	031-974-9956
	< 9 page >
번호|		지점명			|			  주소  			|	전화번호
 1	|	경기고양시가좌점 	|	경기고양시일산서구가좌1로38	|	031-921-9292
 2	|	경기의정부시녹양점 	|	경기의정부시녹양로62번길72	|	031-875-2388
 3	|	서울동대문구회기점 	|	서울동대문구회기로25길17-9	|	02-966-4479
 4	|	서울도봉구도봉산역점 	|	서울도봉구도봉산3길37	|	02-954-8788
 5	|	서울중랑구면목3점 	|	서울중랑구용마산로89길16	|	02-493-4479
 6	|	경기고양시일산점 	|	경기고양시일산서구원일로45번길10	|	031-975-2676
 7	|	서울중구을지로점 	|	서울중구퇴계로51길19	|	02-2275-9244
 8	|	서울노원구중계2동점 	|	서울노원구동일로207길18	|	02-978-4492
 9	|	서울은평구갈현1점 	|	서울은평구연서로29길30-5	|	02-354-4492
 10	|	경기파주시LCD점 	|	경기파주시월롱면엘씨디로8번길34	|	031-949-3536
 11	|	서울동대문구전농점 	|	서울동대문구답십리로51길35	|	02-3394-9292
 12	|	서울강북구수유2점 	|	서울강북구삼각산로99	|	02-905-8899
 13	|	서울중랑구중화점 	|	서울중랑구동일로123길91	|	02-491-4479
 14	|	서울성북구종암점(B) 	|	서울성북구종암로19길37	|	02-921-2900
 15	|	경기고양시화정1점 	|	경기고양시덕양구화중로130번길5-37	|	031-968-9288
 16	|	경기포천시가산점 	|	경기포천시가산면가산로324	|	031-541-9585
 17	|	경기의정부시민락용현점 	|	경기의정부시용현로120번길3	|	031-852-3400
 18	|	서울노원구상계중앙점 	|	서울노원구덕릉로459-37상계주공1단지가상	|	02-931-4492
 19	|	서울서대문구북가좌2점 	|	서울서대문구증가로211	|	02-303-4479
 20	|	서울중랑구신내1점 	|	서울중랑구신내로135	|	02-3421-9202
 21	|	경기의정부시가능2점 	|	경기의정부시가능로39번길10	|	031-874-5550
 22	|	서울노원구중계4동점 	|	서울노원구덕릉로89길9	|	02-3392-4479
 23	|	서울은평구구산점 	|	서울은평구갈현로123	|	02-354-8833
 24	|	경기연천군군남점 	|	경기연천군군남면군왕로8	|	031-833-3555
	< 10 page >
번호|		지점명			|			  주소  			|	전화번호
 1	|	서울서대문구홍은1점 	|	서울서대문구간호대로16	|	02-391-4492
 2	|	서울중랑구상봉1점 	|	서울중랑구봉화산로52길73	|	02-434-3544
 3	|	서울중랑구용마산역점 	|	서울중랑구면목로21길22	|	02-433-4492
 4	|	경기고양시성사점 	|	경기고양시덕양구마상로169	|	031-962-7792
 5	|	서울성동구성수2가점 	|	서울성동구성덕정길27	|	02-467-8277
 6	|	경기양주시은현점 	|	경기양주시은현면은현로61	|	031-861-8955
 7	|	서울서대문구연대점 	|	서울서대문구연세로7안길7	|	02-332-4479
 8	|	서울종로구독립문점 	|	서울종로구통일로262	|	02-737-4492
 9	|	서울마포구마포역점 	|	서울마포구새창로52현대아파트상가제12동	|	02-717-4422
 10	|	서울은평구대조점 	|	서울은평구통일로73길28-1	|	02-382-1492
 11	|	서울마포구염리점 	|	서울마포구마포대로11길921층	|	02-714-4479
 12	|	경기파주시운정3점 	|	경기파주시한빛로9	|	031-948-4472
 13	|	서울서초구반포1점 	|	서울특별시서초구반포대로316	|	02-532-9291
 14	|	서울금천구시흥2점 	|	서울특별시금천구금하로756	|	02-802-5124
 15	|	서울동작구대방점 	|	서울특별시동작구등용로127	|	02-815-8292
 16	|	서울동작구신대방점 	|	서울특별시동작구여의대방로28	|	02-833-5444
 17	|	서울서초구방배1호점 	|	서울특별시서초구방배로27길18-4	|	02-593-3060
 18	|	서울영등포구여의도점 	|	서울특별시영등포구의사당대로108	|	02-782-9244
 19	|	서울관악구신림2점 	|	서울특별시관악구신림로158	|	02-877-4482
 20	|	서울영등포구영등포점 	|	서울특별시영등포구영신로9길3-1	|	02-842-4492
 21	|	서울송파구거여점 	|	서울특별시송파구성내천로136	|	02-400-3615
 22	|	서울동작구상도1점 	|	서울특별시동작구상도로50길9	|	02-824-9244
 23	|	서울영등포구대림3점 	|	서울특별시영등포구도림로53길34-1	|	02-843-1009
 24	|	서울동작구중대점 	|	서울특별시동작구흑석로7길6-1	|	02-815-9282
	< 11 page >
번호|		지점명			|			  주소  			|	전화번호
 1	|	서울강남구일원점 	|	서울특별시강남구일원로5길54	|	02-3414-9988
 2	|	서울송파구삼전점 	|	서울특별시송파구백제고분로27길17	|	02-423-4482
 3	|	서울영등포구문래점 	|	서울특별시영등포구도림로143길32	|	02-2634-9245
 4	|	서울영등포구양평점 	|	서울특별시영등포구영등포로11길16	|	02-2636-9244
 5	|	서울관악구관악구청점 	|	서울특별시관악구쑥고개로93	|	02-889-4492
 6	|	서울동작구노량진점 	|	서울특별시동작구만양로8길50	|	02-826-9982
 7	|	서울강남구개포1점 	|	서울특별시강남구개포로25길12	|	02-2057-9292
 8	|	경기과천시과천1점 	|	경기도과천시별양로85	|	02-503-7070
 9	|	서울서초구양재점 	|	서울특별시서초구동산로46	|	02-529-0812
 10	|	서울동작구상도2호점 	|	서울특별시동작구성대로10길3	|	02-815-4492
 11	|	서울송파구잠실새내역점 	|	서울특별시송파구올림픽로119	|	02-415-4479
 12	|	서울영등포구여의도2호점 	|	서울특별시영등포구국제금융로7길32	|	02-780-9244
 13	|	서울서초구잠원점 	|	서울특별시서초구나루터로68	|	02-542-5582
 14	|	서울영등포구신풍역점 	|	서울특별시영등포구대방천로222-1	|	02-834-4479
 15	|	서울관악구인헌점 	|	서울특별시관악구인헌길58	|	02-883-9931
 16	|	서울서초구우면점 	|	서울특별시서초구형촌길15	|	02-573-2292
 17	|	서울송파구잠실본점 	|	서울특별시송파구백제고분로7길24-27	|	02-423-4374
 18	|	서울영등포구영등포푸르지오점 	|	서울특별시영등포구양산로177	|	02-842-4493
 19	|	서울관악구신림점 	|	서울특별시관악구문성로215	|	02-889-4442
 20	|	서울영등포구신길점 	|	서울특별시영등포구가마산로404	|	02-844-4492
 21	|	서울송파구석촌점 	|	서울특별시송파구가락로55	|	02-424-8060
 22	|	서울관악구봉천중앙점 	|	서울특별시관악구남부순환로231길16	|	02-876-9992
 23	|	서울송파구가락2점 	|	서울특별시송파구송이로19길5	|	02-408-4482
 24	|	서울송파구문정장지점 	|	서울특별시송파구새말로147	|	02-400-8213
	< 12 page >
번호|		지점명			|			  주소  			|	전화번호
 1	|	서울송파구오금점(B) 	|	서울특별시송파구마천로184	|	02-6407-7285
 2	|	서울강남구세곡자곡점 	|	서울특별시강남구자곡로202	|	02-3411-4479
 3	|	서울금천구가산독산1동점 	|	서울특별시금천구가산로3길55	|	02-856-9244
 4	|	서울동작구총신대점 	|	서울특별시동작구솔밭로106	|	02-598-4479
 5	|	서울금천구독산점 	|	서울금천구남부순환로126길69	|	02-866-9592
 6	|	서울송파구가락점 	|	서울특별시송파구오금로44길20	|	02-407-4774
 7	|	서울서초구방배본동점 	|	서울서초구방배중앙로25길24	|	02-536-4444
 8	|	서울서초구반포2점 	|	서울서초구강남대로85길21-8	|	02-548-7705
 9	|	서울서초구서초2점 	|	서울서초구효령로46길14	|	02-588-7077
 10	|	서울강남구역삼충현점 	|	서울강남구봉은사로26길28	|	02-566-4479
 11	|	서울서초구서초1호점 	|	서울서초구효령로77길18	|	02-588-4443
 12	|	서울관악구신림남부점 	|	서울관악구남부순환로143길16	|	02-838-9288
 13	|	서울관악구난곡점 	|	서울관악구미성3길8	|	02-863-8880
 14	|	서울강남구신사점 	|	서울강남구논현로159길25	|	02-542-4479
 15	|	서울강남구도곡점 	|	서울강남구도곡로28길8	|	02-571-9955
 16	|	서울송파구풍납점 	|	서울송파구풍성로26길51	|	02-473-4473
 17	|	서울동작구사당이수점 	|	서울동작구사당로27길64	|	02-532-9244
 18	|	서울관악구봉천현대점(B) 	|	서울관악구봉천로441	|	02-882-9277
 19	|	서울영등포구대림점(B) 	|	서울영등포구디지털로398	|	02-842-8444
 20	|	서울송파구송파방이2점 	|	서울송파구가락로36길15	|	02-421-0089
 21	|	서울서초구서초중앙점 	|	서울서초구서초중앙로24길55111호	|	02-3477-7000
 22	|	서울강남구논현1점 	|	서울강남구강남대로126길38	|	02-512-4482
 23	|	서울관악구봉천점 	|	서울관악구은천로9길14	|	02-888-5919
 24	|	서울금천구금천점 	|	서울금천구은행나무로22	|	02-805-4492
	< 13 page >
번호|		지점명			|			  주소  			|	전화번호
 1	|	서울강남구청담점 	|	서울강남구삼성로145길14	|	02-542-9991
 2	|	서울강남구수서점 	|	서울강남구광평로51길22	|	02-451-4479
 3	|	서울송파구위례점 	|	서울송파구위례광장로193	|	02-403-4479
 4	|	서울송파구잠실1점 	|	서울송파구올림픽로35가길11	|	02-418-4492
 5	|	서울강남구대치점 	|	서울강남구삼성로417	|	02-555-4479
 6	|	서울강남구역삼1점 	|	서울강남구논현로67길48	|	02-568-4479
 7	|	서울양천구신정점 	|	서울양천구신목로12길17	|	02-2644-9919
 8	|	서울강서구염창점 	|	서울강서구양천로637	|	02-3663-9285
 9	|	서울강서구방화2점 	|	서울강서구금낭화로26	|	02-2662-9229
 10	|	경기광명시하안점 	|	경기광명시하안로254	|	02-894-4482
 11	|	서울양천구신정1동점 	|	서울양천구은행정로16-1	|	02-2652-1212
 12	|	서울구로구구로1점 	|	서울구로구구로동로35길40	|	02-861-4492
 13	|	서울강서구화곡본동점 	|	서울강서구초록마을로2길54	|	02-2607-5882
 14	|	서울강서구등촌3동점 	|	서울강서구공항대로41길65	|	02-3661-4492
 15	|	경기안양시평촌1호점 	|	경기안양시동안구달안로153	|	031-387-9922
 16	|	경기광명시철산점 	|	경기광명시도덕공원로68	|	02-2681-8585
 17	|	경기안양시비산1호점 	|	경기안양시동안구경수대로970-16	|	031-465-0123
 18	|	서울강서구까치산점 	|	서울강서구강서로12길40	|	02-2601-4492
 19	|	서울강서구화곡남부시장점 	|	서울강서구곰달래로53길50	|	02-2653-4492
 20	|	경기안양시석수점 	|	경기안양시만안구석천로167-3	|	031-474-7200
 21	|	경기안양시관양비산점 	|	경기안양시동안구평촌대로382	|	031-386-4490
 22	|	서울강서구화곡1동점 	|	서울강서구가로공원로76길95	|	02-2699-4479
 23	|	서울양천구신월1동점 	|	서울양천구가로공원로148	|	02-2690-8592
 24	|	경기안양시안양2호점 	|	경기안양시만안구냉천로22	|	031-443-9294
	< 14 page >
번호|		지점명			|			  주소  			|	전화번호
 1	|	서울강서구등촌2동점 	|	서울강서구등촌로51가길47	|	02-2644-6969
 2	|	경기안양시호계갈산점 	|	경기안양시동안구경수대로610번길66	|	031-457-4479
 3	|	경기광명시소하점 	|	경기광명시신촌로5	|	02-897-8293
 4	|	서울양천구양천구청점 	|	서울양천구목동남로2길15	|	02-2655-1855
 5	|	서울구로구개봉점(B) 	|	서울구로구개봉로11길34	|	02-2687-9244
 6	|	경기안양시호계오전점 	|	경기안양시동안구포도원로27	|	031-429-4456
 7	|	경기광명시광명KTX역점 	|	경기도광명시덕안로77번길5	|	02-898-9242
 8	|	서울강서구가양1점(B) 	|	서울강서구양천로443-32	|	02-3661-4482
 9	|	경기안양시평촌2호점 	|	경기안양시동안구관평로138번길24	|	031-476-2073
 10	|	서울양천구화곡3동점 	|	서울양천구월정로42길9	|	02-2692-4492
 11	|	서울구로구남구로점 	|	서울구로구도림로12길24	|	02-865-9222
 12	|	경기광명시광명사거리점 	|	경기광명시오리로985번안길7	|	02-2682-9292
 13	|	경기광명시광명시장점 	|	경기광명시광이로32	|	02-2618-4479
 14	|	서울강서구방화1점 	|	서울강서구양천로24가길3	|	02-2662-4472
 15	|	서울양천구신월2점 	|	서울양천구오목로77	|	02-2693-4492
 16	|	서울양천구목4동점 	|	서울양천구목동중앙서로23	|	02-2644-4492
 17	|	경기안양시호계2호점 	|	경기안양시동안구전파로88	|	031-478-8892
 18	|	서울강서구우장산점 	|	서울강서구우장산로2길7	|	02-2659-5454
 19	|	서울강서구수명산파크점 	|	서울특별시강서구강서로47길108	|	02-2667-7792
 20	|	서울구로구오류1점 	|	서울특별시구로구부일로953	|	02-2689-9288
 21	|	서울양천구신월점 	|	서울특별시양천구신월로99	|	02-2602-4479
 22	|	경기안양시안양1호점 	|	경기안양시만안구냉천로175번길6	|	031-465-5882
 23	|	서울구로구구로테크노마트점 	|	서울구로구새말로102	|	02-860-5700
 24	|	서울구로구고척1점 	|	서울구로구경서로45	|	02-3666-4492
	< 15 page >
번호|		지점명			|			  주소  			|	전화번호
 1	|	경기광명시철산역점 	|	경기광명시광덕산로5푸르지오하늘채아파트종합	|	02-2612-9979
 2	|	경기안양시박달점 	|	경기안양시만안구양화로148번길15	|	031-445-9282
 3	|	서울구로구오류2점 	|	서울구로구오류로62	|	02-2689-5545
 4	|	서울구로구구로시장점 	|	서울구로구구로동로28길93	|	02-857-4492
 5	|	서울구로구근린공원점 	|	서울구로구고척로27길115	|	02-2687-4479
 6	|	서울구로구신도림점 	|	서울구로구신도림로11길43	|	02-2677-4492
 7	|	경기안양시관양지구점 	|	경기안양시동안구관악대로374번길19	|	031-422-4479
 8	|	경기부천시송내점 	|	경기도부천시소사구송내대로30번길71	|	032-655-6573
 9	|	경기김포시양곡점 	|	경기도김포시김포한강9로121	|	031-981-1322
 10	|	인천동구동인천송현점 	|	인천광역시동구화도로15	|	032-777-9292
 11	|	인천부평구부개점 	|	인천광역시부평구길주남로101번길4-19	|	032-513-0033
 12	|	경기시흥시월곶점 	|	경기도시흥시월곶중앙로90	|	031-404-7706
 13	|	인천남동구논현점 	|	인천광역시남동구논곡로79	|	032-446-7590
 14	|	경기부천시범박점 	|	경기도부천시소사구소사동로93	|	032-349-5551
 15	|	경기부천시원종점 	|	경기도부천시오정구소사로775번길50	|	032-675-5592
 16	|	인천계양구계산점 	|	인천광역시계양구용마루길20	|	032-556-8278
 17	|	경기부천시심곡점 	|	경기도부천시소사구심곡로67번길67	|	032-612-9120
 18	|	경기부천시중동약대점 	|	경기도부천시원미구도약로221번길64	|	032-682-9982
 19	|	경기부천시소사점 	|	경기도부천시소사구은성로68번길23	|	032-351-9989
 20	|	경기부천시역곡점 	|	경기도부천시원미구역곡로20번길86	|	032-341-9992
 21	|	인천남구주안점 	|	인천광역시남구인주대로489	|	032-424-5757
 22	|	인천남구학익점 	|	인천광역시남구소성로175-16	|	032-862-6565
 23	|	경기부천시원미점 	|	경기도부천시원미구조마루로386번길26	|	032-614-7272
 24	|	인천남구주안역점 	|	인천광역시남구주안로201	|	032-435-5533
	< 16 page >
번호|		지점명			|			  주소  			|	전화번호
 1	|	경기부천시오정점 	|	경기도부천시오정구부천로478번길96	|	032-672-9494
 2	|	경기김포시김포1호점 	|	경기도김포시관순로28	|	031-983-0998
 3	|	경기부천시역곡남부점 	|	경기도부천시소사구부광로23	|	032-342-5554
 4	|	인천부평구부평중앙점 	|	인천광역시부평구장제로84번길6	|	032-508-2229
 5	|	인천부평구청천점 	|	인천광역시부평구마장로364번길7-1	|	032-501-2332
 6	|	인천남동구만수2점 	|	인천광역시남동구백범로180번길114	|	032-473-9282
 7	|	인천서구가좌점 	|	인천광역시서구여우재로109	|	032-578-9942
 8	|	경기김포시고촌점 	|	경기도김포시고촌읍은행영사정로35102	|	031-984-4492
 9	|	경기김포시풍무점 	|	경기도김포시양도로18	|	031-982-5592
 10	|	경기김포시장기점 	|	경기도김포시김포한강3로290-16	|	031-985-9945
 11	|	인천서구검암점 	|	인천광역시서구도요지로189번길104	|	032-567-4479
 12	|	인천강화군강화1점 	|	인천광역시강화군강화읍강화대로362	|	032-933-0062
 13	|	인천부평구부평남부점 	|	인천광역시부평구남부역로3	|	032-505-9245
 14	|	인천남동구간석점(B) 	|	인천광역시남동구구월로131번길52	|	032-441-4479
 15	|	인천연수구송도신도시점 	|	인천광역시연수구해돋이로107	|	032-835-7441
 16	|	경기부천시심곡북부점 	|	경기도부천시원미구부흥로450	|	032-666-9272
 17	|	경기시흥시거모점(B) 	|	경기도시흥시한우물로25	|	031-495-4479
 18	|	인천서구마전점 	|	인천광역시서구검단로623번길17	|	032-564-9982
 19	|	인천중구월미점 	|	인천광역시중구월미로223	|	032-777-6119
 20	|	인천중구하늘도시점 	|	인천광역시중구하늘달빛로95	|	032-751-9982
 21	|	인천연수구선학점 	|	인천광역시연수구선학로90	|	032-814-9977
 22	|	경기시흥시시화점 	|	경기도시흥시중심상가로39	|	031-434-9998
 23	|	인천서구신현점(B) 	|	인천광역시서구율도로77번길12	|	032-575-5592
 24	|	인천옹진군백령점 	|	인천광역시옹진군백령면백령로272-1	|	032-836-2200
	< 17 page >
번호|		지점명			|			  주소  			|	전화번호
 1	|	인천남동구논현택지점(B) 	|	인천광역시남동구소래역서로10-28	|	032-433-4479
 2	|	인천남구문학관교점 	|	인천광역시남구매소홀로576번길5-9	|	032-428-8892
 3	|	경기시흥시정왕점 	|	경기도시흥시정왕천로427번길6-1102호	|	031-432-0961
 4	|	경기시흥시은행점 	|	경기도시흥시은행로167번길3	|	031-404-5551
 5	|	경기부천시상동북부점 	|	경기도부천시원미구송내대로265번길37	|	032-329-4555
 6	|	인천부평구부일점 	|	인천광역시부평구경인로1092번길17-1	|	032-362-9944
 7	|	인천남동구서창1점 	|	인천광역시남동구장아산로1301층	|	032-467-9292
 8	|	인천남구제물포점 	|	인천광역시남구수봉안길13번길2	|	032-875-8181
 9	|	인천연수구송도3동점 	|	인천광역시연수구송도문화로28번길28	|	032-812-2999
 10	|	경기시흥시능곡점 	|	경기도시흥시장현능곡로178	|	031-318-9222
 11	|	인천연수구청학점 	|	인천광역시연수구비류대로239번길25	|	032-832-4479
 12	|	인천연수구연수2동3동점 	|	인천광역시연수구샘말로87번길1	|	032-812-4492
 13	|	인천서구청라1호점 	|	인천광역시서구청라에메랄드로127	|	032-572-7000
 14	|	인천계양구작전점 	|	인천광역시계양구주부토로447	|	032-555-9218
 15	|	인천부평구십정점 	|	인천광역시부평구열우물로62-1	|	032-422-4456
 16	|	경기부천시고강점 	|	경기도부천시오정구역곡로472번길31	|	032-683-2511
 17	|	인천남동구만수1점 	|	인천광역시남동구하촌로48	|	032-471-4492
 18	|	경기시흥시신천점(B) 	|	경기시흥시신천로100번안길10	|	031-315-9922
 19	|	인천중구운서점 	|	인천중구영종대로278번길50	|	032-747-2255
 20	|	인천계양구계양점 	|	인천계양구임학서로18	|	032-544-8292
 21	|	인천연수구동춘점 	|	인천연수구먼우금로83번길49	|	032-813-3388
 22	|	경기김포시마송점 	|	경기도김포시통진읍조강로102	|	031-998-7272
 23	|	경기시흥시목감점 	|	경기시흥시논곡길1	|	031-411-4479
 24	|	인천부평구갈산점(B) 	|	인천부평구굴포로81-1	|	032-501-7448
	< 18 page >
번호|		지점명			|			  주소  			|	전화번호
 1	|	경기부천시중동1점 	|	경기부천시중동로171번길13-1	|	032-657-9282
 2	|	인천부평구삼산1동점 	|	인천부평구대보로24번길12	|	032-502-4479
 3	|	경기시흥시연성2지구점 	|	경기시흥시장곡로15	|	031-318-4492
 4	|	인천계양구효성점(B) 	|	인천광역시계양구목화밭길26	|	032-544-1345
 5	|	인천연수구옥련점(B) 	|	인천연수구한나루로87주문빌딩301호	|	032-851-4479
 6	|	인천남구주안2점 	|	인천남구인주대로319번길38	|	032-865-4492
 7	|	인천동구송림점 	|	인천동구동산로89	|	032-763-7979
 8	|	인천남구용현점 	|	인천남구아암대로45번길83-8	|	032-889-4482
 9	|	인천서구석남점 	|	인천서구면개포로13-1	|	032-572-5454
 10	|	인천계양구계산중앙점(B) 	|	인천계양구계양대로194번길18	|	032-554-9222
 11	|	경기부천시여월점 	|	경기부천시삼작로335	|	032-682-4479
 12	|	인천부평구부평롯데점 	|	인천부평구경원대로1367번길12	|	032-501-9233
 13	|	인천서구연희점 	|	인천서구승학로199-1	|	032-566-4450
 14	|	인천남동구구월점 	|	인천남동구용천로27	|	032-461-9982
 15	|	경기부천시상동점 	|	경기부천시조마루로105번길8-8	|	032-324-9282
 16	|	인천부평구산곡점 	|	인천부평구화랑남로9번길20	|	032-524-9990
 17	|	인천계양구동양점 	|	인천계양구당미1길7	|	032-547-2592
 18	|	인천서구당하점 	|	인천서구원당대로675	|	032-566-0041
 19	|	경기시흥시오이도역점 	|	경기시흥시함송로24	|	031-499-7192
 20	|	경기남양주시오남리점 	|	경기도남양주시오남읍진건오남로595-22	|	031-574-9989
 21	|	경기성남시신흥점 	|	경기도성남시수정구수정남로236-1	|	031-742-9913
 22	|	경기남양주시금곡점 	|	경기도남양주시경춘로992번길1	|	031-591-4292
 23	|	경기양평군양평점 	|	경기도양평군양평읍해오름길2	|	031-775-3372
 24	|	경기남양주시사능점 	|	경기도남양주시진건읍진건오남로86번길36	|	031-575-8123
	< 19 page >
번호|		지점명			|			  주소  			|	전화번호
 1	|	경기구리시인창점 	|	경기도구리시건원대로99번길80	|	031-565-4470
 2	|	경기남양주시덕소점(B) 	|	경기도남양주시와부읍덕소로284번길10-7	|	031-577-9005
 3	|	경기남양주시월산점 	|	경기도남양주시화도읍경춘로2186	|	031-593-3233
 4	|	경기가평군청평점 	|	경기도가평군청평면잠곡로3	|	031-584-7679
 5	|	경기가평군가평점 	|	경기도가평군가평읍석봉로230	|	031-581-9982
 6	|	경기이천시갈산점 	|	경기도이천시영창로314번길51	|	031-634-4402
 7	|	경기여주시여주점 	|	경기도여주군여주읍여흥로157	|	031-885-8886
 8	|	경기가평군현리점 	|	경기도가평군하면현창로38번길2	|	031-585-9929
 9	|	경기남양주시호평점 	|	경기남양주시천마산로16번길2	|	031-559-6054
 10	|	경기광주시태전점 	|	경기도광주시태봉로20	|	031-767-9200
 11	|	경기남양주시광릉내점 	|	경기도남양주시진접읍광릉내로82번길27	|	031-575-8244
 12	|	경기여주시가남점 	|	경기도여주시가남읍경충대로1162-20	|	031-883-8583
 13	|	경기남양주시수동점 	|	경기도남양주시수동면비룡로788	|	031-511-2230
 14	|	경기하남시덕풍점 	|	경기도하남시신평로101번길27	|	031-795-1140
 15	|	경기구리시수택점 	|	경기도구리시원수택로45	|	031-569-6622
 16	|	경기광주시양벌점 	|	경기도광주시오포읍양촌안길40	|	031-765-9964
 17	|	경기양평군용문점 	|	경기도양평군용문면다문북길105	|	031-775-4044
 18	|	경기남양주시도농점 	|	경기도남양주시미금로42번길20-1	|	031-551-6692
 19	|	경기성남시이매점 	|	경기도성남시분당구성남대로779번길52	|	031-703-4471
 20	|	경기남양주시별내점 	|	경기도남양주시별내3로63	|	031-529-4479
 21	|	서울강동구길동1점 	|	서울특별시강동구진황도로47길15	|	02-486-4492
 22	|	서울강동구길동2점 	|	서울특별시강동구천호대로199길15	|	02-482-7782
 23	|	서울강동구성내1점 	|	서울특별시강동구천호옛14길34	|	02-472-4472
 24	|	서울강동구강일점 	|	서울특별시강동구아리수로94길19	|	02-428-0076
	< 20 page >
번호|		지점명			|			  주소  			|	전화번호
 1	|	경기광주시오포2호점 	|	경기도광주시오포읍오포로347	|	031-765-4456
 2	|	서울강동구암사2점 	|	서울특별시강동구고덕로28길10-5	|	02-442-4456
 3	|	경기성남시금광점 	|	경기도성남시중원구산성대로382번길58	|	031-742-9282
 4	|	경기남양주시평내점 	|	경기도남양주시경춘로1286번안길24	|	031-556-4479
 5	|	경기양평군용두리점 	|	경기도양평군청운면용두로141	|	031-772-4479
 6	|	경기남양주시덕소2호점 	|	경기도남양주시와부읍수레로59	|	031-521-6249
 7	|	경기성남시상대원점 	|	경기도성남시중원구박석로93번길2-1	|	031-735-4777
 8	|	서울강동구천호2동점 	|	서울특별시강동구올림픽로78길15-4	|	02-482-4482
 9	|	서울강동구둔촌점 	|	서울특별시강동구천호대로182길41	|	02-475-9282
 10	|	경기성남시서현점(B) 	|	경기도성남시분당구중앙공원로54234동104호	|	031-715-7978
 11	|	경기성남시정자점 	|	경기도성남시분당구백현로152	|	031-714-4482
 12	|	경기성남시정자2호점 	|	경기도성남시분당구정자로143	|	031-715-4462
 13	|	서울강동구천호1점 	|	서울특별시강동구구천면로284	|	02-477-5765
 14	|	경기남양주시퇴계원점 	|	경기남양주시퇴계원면퇴계원로78번길3-2	|	031-571-9925
 15	|	경기가평군북면점 	|	경기도가평군북면화악산로11번길5	|	031-582-6789
 16	|	경기광주시신현점 	|	경기도광주시오포읍신현로44-10102호	|	031-726-4413
 17	|	경기성남시구미점 	|	경기도성남시분당구미금로45	|	031-712-9285
 18	|	경기성남시도촌점 	|	경기도성남시중원구도촌로12	|	031-721-4479
 19	|	경기하남시신장점 	|	경기도하남시하남대로777번길37	|	031-795-1120
 20	|	경기남양주시창현점 	|	경기도남양주시화도읍수레로1234-26	|	031-593-4482
 21	|	경기성남시수진점 	|	경기도성남시수정구산성대로157번길27-2	|	031-752-9936
 22	|	경기성남시수내점(B) 	|	경기성남시분당구발이봉북로24번길1	|	031-715-7975
 23	|	경기광주시곤지암점 	|	경기도광주시곤지암읍평촌길30-21	|	031-798-9050
 24	|	경기성남시서판교점 	|	경기성남시분당구판교로25번길22-6	|	031-8017-4479
	< 21 page >
번호|		지점명			|			  주소  			|	전화번호
 1	|	경기남양주시진접지구점 	|	경기도남양주시진접읍해밀예당2로125	|	031-574-4492
 2	|	경기성남시위례중앙점 	|	경기성남시수정구위례서일로1길21-8	|	031-721-4482
 3	|	경기광주시광주점 	|	경기광주시통미로60	|	031-768-9913
 4	|	경기이천시아미점 	|	경기이천시부발읍경충대로2039	|	031-635-3991
 5	|	경기성남시동판교점(B) 	|	경기성남시분당구동판교로52번길17-4	|	031-8017-2226
 6	|	서울강동구명일점(B) 	|	서울강동구동남로67길22	|	02-429-4479
 7	|	경기양평군한화리조트점 	|	경기양평군옥천면신촌길188	|	
 8	|	경기남양주시별내2호점 	|	경기남양주시두물로39번길22-14	|	031-574-4479
 9	|	경기성남시야탑점 	|	경기성남시분당구매화로48번길12-6	|	031-706-4479
 10	|	경기이천시관고동점 	|	경기이천시영창로66	|	031-631-7557
 11	|	경기여주시오학점 	|	경기여주시학동1길53	|	031-885-4482
 12	|	경기성남시태평점 	|	경기성남시수정구탄리로132번길9	|	031-751-9913
 13	|	경기성남시성남점 	|	경기성남시중원구원터로105번길8	|	031-755-7551
 14	|	경기남양주시천마산점 	|	경기남양주시화도읍먹갓로28번길15	|	031-559-9233
 15	|	경기구리시교문점 	|	경기구리시안골로20번길6	|	031-566-9982
 16	|	경기하남시미사1점 	|	경기하남시미사강변한강로220번길27	|	031-792-7792
 17	|	경기오산시운암1점 	|	경기도오산시운천로99	|	031-377-3171
 18	|	경기안산시월피점 	|	경기도안산시상록구예술광장1로48	|	031-405-4492
 19	|	경기오산시궐동점 	|	경기도오산시궐동로69번길7	|	031-378-4592
 20	|	경기평택시포승점 	|	경기도평택시포승읍여술로43번길18	|	031-686-9799
 21	|	경기화성시안녕점 	|	경기도화성시화산중앙로64번길3	|	031-235-4314
 22	|	경기안산시초지점 	|	경기도안산시단원구초지로128	|	031-487-4485
 23	|	경기화성시향남1지구점 	|	경기도화성시향남읍행정서로2길14-18	|	031-366-6200
 24	|	경기오산시세교신도시점 	|	경기도오산시오산대역로132번길30	|	031-374-9492
	< 22 page >
번호|		지점명			|			  주소  			|	전화번호
 1	|	경기평택시팽성점(B) 	|	경기도평택시팽성읍팽성대교길14	|	031-691-4479
 2	|	경기군포시군포점 	|	경기도군포시군포로490번길12	|	031-391-1147
 3	|	경기군포시금정점 	|	경기도군포시당산로197번길4	|	031-396-9255
 4	|	경기군포시대야미점 	|	경기도군포시대야1로13	|	031-438-7292
 5	|	경기군포시산본목련점 	|	경기도군포시고산로643번길9	|	031-391-9250
 6	|	경기수원시영통1호점 	|	경기수원시영통구매영로398번길4	|	031-273-9285
 7	|	경기수원시우만점 	|	경기도수원시팔달구중부대로223번길20-7	|	031-211-8208
 8	|	경기용인시신갈점 	|	경기도용인시기흥구용구대로2152번길39	|	031-285-3784
 9	|	경기용인시용인1호점 	|	경기도용인시처인구중부대로1343번길10-17	|	031-336-9909
 10	|	경기의왕시내손동점 	|	경기도의왕시복지로82	|	031-426-9282
 11	|	경기의왕시부곡점 	|	경기도의왕시부곡중앙남6길86	|	031-462-4472
 12	|	경기용인시모현점 	|	경기도용인시처인구모현면백옥대로2594	|	031-332-3434
 13	|	경기수원시매교세류점 	|	경기도수원시팔달구효원로73	|	031-898-5993
 14	|	경기수원시정자2동점 	|	경기수원시장안구수성로245번길30	|	031-255-4492
 15	|	경기용인시죽전1호점 	|	경기도용인시수지구푸른솔로81	|	031-263-9555
 16	|	경기용인시구성점 	|	경기도용인시기흥구마북로98	|	031-283-8114
 17	|	경기안산시본오1호점 	|	경기도안산시상록구반석로80	|	031-406-3274
 18	|	경기화성시병점1호점 	|	경기도화성시경기대로1010번길18	|	031-234-9986
 19	|	경기안산시신도시점 	|	경기도안산시단원구광덕3로215	|	031-414-4479
 20	|	경기평택시지산점 	|	경기도평택시지산로108-6	|	031-667-4492
 21	|	경기평택시청북점 	|	경기도평택시청북면안청로1길12	|	031-682-8556
 22	|	경기수원시매탄권선점 	|	경기도수원시영통구권선로811	|	031-235-7795
 23	|	경기안산시와동점 	|	경기도안산시단원구선부로244	|	031-401-4406
 24	|	경기안산시선부1점 	|	경기도안산시단원구화정천서로3길8-1	|	031-480-9931
	< 23 page >
번호|		지점명			|			  주소  			|	전화번호
 1	|	경기오산시원동갈곶점 	|	경기도오산시밀머리로29	|	031-372-1370
 2	|	경기용인시상현점 	|	경기도용인시수지구만현로100	|	031-276-9291
 3	|	경기용인시수지2지구점 	|	경기도용인시수지구정평로40-3	|	031-265-4988
 4	|	경기용인시풍덕천점 	|	경기도용인시수지구풍덕천로172번길3-15	|	031-896-6677
 5	|	경기용인시동백지구점 	|	경기도용인시기흥구평촌2로1번길9-1	|	031-275-0064
 6	|	경기평택시이충장당점 	|	경기도평택시서정역로36번길70-9	|	031-666-4479
 7	|	경기화성시남양점 	|	경기도화성시남양시장로60	|	031-355-4484
 8	|	경기평택시안중점 	|	경기도평택시안중읍안현로서3길91	|	031-682-8414
 9	|	경기안산시사동점 	|	경기도안산시상록구감골2로47	|	031-406-0999
 10	|	경기화성시향남2지구점 	|	경기도화성시향남읍한절이2길14	|	031-358-0119
 11	|	경기평택시용이지구점 	|	경기도평택시현신로212	|	031-656-4479
 12	|	경기수원시세류2호점 	|	경기도수원시권선구덕영대로1152번길38	|	031-226-4482
 13	|	경기용인시서천점 	|	경기도용인시기흥구서천서로12번길4-10	|	031-205-5225
 14	|	경기안산시중앙점(B) 	|	경기도안산시단원구예술대학로147	|	031-405-4482
 15	|	경기안산시선부1동점 	|	경기도안산시단원구선부광장서로1길5바동108호	|	031-402-4003
 16	|	경기군포시산본역점(B) 	|	경기도군포시쟁골2길16	|	031-398-7878
 17	|	경기수원시신영통점 	|	경기도수원시영통구태장로7번길6	|	031-205-9285
 18	|	경기용인시보라점 	|	경기도용인시기흥구한보라2로14번길7-19	|	031-274-7379
 19	|	경기화성시동탄1호점 	|	경기화성시동탄지성로92	|	031-613-4492
 20	|	경기화성시동탄2호점 	|	경기도화성시동탄반석로39	|	031-613-1344
 21	|	경기수원시곡반정점 	|	경기도수원시권선구곡선로50번길22-10	|	031-267-4479
 22	|	경기수원시호매실점 	|	경기도수원시권선구매실로34	|	031-298-9299
 23	|	경기수원시매탄2동점 	|	경기도수원시영통구산남로74	|	031-212-0055
 24	|	경기용인시상갈점 	|	경기도용인시기흥구금화로108번길28	|	031-287-4479
	< 24 page >
번호|		지점명			|			  주소  			|	전화번호
 1	|	경기용인시백암점 	|	경기도용인시처인구백암면백암로201번길13-4	|	031-321-9279
 2	|	경기수원시구운탑동점 	|	경기도수원시권선구구운로57번길3	|	031-278-3001
 3	|	경기수원시정자1동점 	|	경기도수원시장안구대평로162번길50	|	031-258-4492
 4	|	경기수원시조원점 	|	경기도수원시장안구조원로107	|	031-245-9291
 5	|	경기수원시율천점 	|	경기도수원시장안구율전로80번길5	|	031-293-9291
 6	|	경기수원시고색오목점 	|	경기도수원시권선구고산로27번길43	|	031-291-6630
 7	|	경기용인시양지점 	|	경기용인시처인구양지면남곡로35	|	031-322-2570
 8	|	경기화성시팔탄점 	|	경기화성시팔탄면구장길7	|	031-354-8550
 9	|	경기수원시신매탄점 	|	경기수원시영통구매탄로140번길54-2	|	031-217-9577
 10	|	경기용인시둔전점(B) 	|	경기용인시처인구포곡읍포곡로124번길9-1	|	031-321-4447
 11	|	경기안산시일동점 	|	경기안산시상록구식물원로4길7	|	031-502-4479
 12	|	경기용인시죽전2호점 	|	경기용인시수지구죽전로255	|	031-889-4777
 13	|	경기수원시인계점 	|	경기수원시팔달구장다리로245번길21	|	031-221-1292
 14	|	경기화성시동탄청계점 	|	경기화성시동탄치동천로3길28-1	|	031-374-4482
 15	|	경기화성시와우리점(B) 	|	경기도화성시봉담읍와우로119번길36-5	|	031-225-9291
 16	|	경기평택시세교점 	|	경기평택시세교상가5길22	|	031-654-9288
 17	|	경기안산시신길지구점 	|	경기도안산시단원구도일로24	|	031-508-0202
 18	|	경기수원시영화점(B) 	|	경기수원시장안구장안로30	|	031-257-4479
 19	|	경기수원시인계중앙점 	|	경기수원시팔달구권광로243	|	031-212-4495
 20	|	경기화성시봉담점 	|	경기화성시봉담읍오래2길5102호	|	031-297-4470
 21	|	경기용인시강남대점 	|	경기용인시기흥구강남동로114번길22	|	031-274-1166
 22	|	경기수원시권선점(B) 	|	경기수원시권선구권중로56번길35	|	031-232-4479
 23	|	경기용인시흥덕지구점(B) 	|	경기용인시기흥구흥덕1로50	|	031-212-4492
 24	|	경기평택시비전1호점 	|	경기평택시중앙로213	|	031-651-4479
	< 25 page >
번호|		지점명			|			  주소  			|	전화번호
 1	|	경기수원시화서점 	|	경기수원시팔달구팔달로119번길34-1	|	031-242-5582
 2	|	경기용인시신봉점 	|	경기용인시수지구신봉1로48번길11뉴골드프라자	|	031-263-4479
 3	|	경기수원시광교1호점 	|	경기수원시영통구법조로149번길171	|	031-214-4479
 4	|	경기평택시소사벌점 	|	경기평택시비전6길28-5	|	031-692-9292
 5	|	경기수원시연무점(B) 	|	경기수원시장안구연무로33	|	031-257-4392
 6	|	경기안산시본오2호점 	|	경기안산시상록구본원로2길3	|	031-408-4479
 7	|	경기화성시동탄3호점 	|	경기화성시여울로21	|	031-8015-4479
 8	|	경기화성시동탄역점 	|	경기화성시동탄대로21가길4-31	|	031-375-4492
 9	|	경기안산시원곡점 	|	경기안산시단원구원선로55	|	031-492-7755
 10	|	경기수원시화서꽃뫼점(B) 	|	경기수원시팔달구일월로18번길4-13	|	031-278-4492
 11	|	충남아산시온천점 	|	충청남도아산시번영로147-1	|	041-534-9969
 12	|	충남천안시쌍용1점 	|	충청남도천안시서북구쌍용9길10-1	|	041-575-9285
 13	|	충남천안시두정1점 	|	충청남도천안시서북구부성1길40-6	|	041-558-9285
 14	|	충남당진군합덕점 	|	충청남도당진시합덕읍중동1길40	|	041-363-9282
 15	|	충남천안시신방1점 	|	충청남도천안시동남구새말4길5	|	041-573-9285
 16	|	충남홍성군홍성점 	|	충청남도홍성군홍성읍문화로110	|	041-633-9285
 17	|	충남천안시직산점 	|	충청남도천안시서북구직산읍아랫말2길9	|	041-585-2662
 18	|	충남천안시구성점 	|	충청남도천안시동남구삼룡천2길9	|	041-556-9285
 19	|	충남계룡시계룡점 	|	충청남도계룡시엄사면번영로74	|	042-840-7772
 20	|	충남아산시배방점 	|	충청남도아산시배방읍배방로173번길14-7	|	041-534-9285
 21	|	충남아산시용화점 	|	충청남도아산시시민로258번길3-5	|	041-547-9285
 22	|	충남연기군조치원점 	|	세종특별자치시조치원읍신흥샛터길41	|	044-862-9285
 23	|	충남아산시신창점 	|	충청남도아산시서부북로953	|	041-543-8292
 24	|	충남천안시병천북면점 	|	충청남도천안시동남구충절로1456	|	041-568-9285
	< 26 page >
번호|		지점명			|			  주소  			|	전화번호
 1	|	충남태안군태안1점 	|	충청남도태안군태안읍군청10길12	|	041-672-4482
 2	|	충남천안시신부점 	|	충청남도천안시동남구천안천8길53-1	|	041-555-4482
 3	|	충남아산시장존점 	|	충청남도아산시외암로1245	|	041-547-4479
 4	|	충남천안시입장점 	|	충청남도천안시서북구입장면입장로135	|	041-585-4479
 5	|	충남보령시대천점 	|	충청남도보령시대천로74	|	041-934-9285
 6	|	충남예산군예산점 	|	충청남도예산군예산읍역전로113	|	041-333-9285
 7	|	충남천안시목천신계점 	|	충청남도천안시동남구목천읍목천안터1길4	|	041-522-4479
 8	|	충남천안시풍세점 	|	충남천안시동남구풍세면풍년길46-1	|	041-555-4546
 9	|	충남논산시연무점 	|	충청남도논산시연무읍연무로183	|	041-742-9285
 10	|	충남공주시금학점 	|	충청남도공주시우금티로547	|	041-858-4479
 11	|	충남천안시안서점 	|	충청남도천안시동남구중암샛길13	|	041-555-4479
 12	|	충남당진시당진2점 	|	충청남도당진시원당로45	|	041-356-4479
 13	|	충남서천군서면점 	|	충청남도서천군서면공암남촌길169	|	041-951-4456
 14	|	충남홍성군내포신도시점 	|	충청남도홍성군홍북면의향로289번길에이원프라자105호	|	041-632-4479
 15	|	충남논산시논산항공학교 	|	충청남도논산시노성면송당리5	|	NotPhone
 16	|	충남천안시신방초원점 	|	충청남도천안시동남구수곡로22	|	041-575-4479
 17	|	충남당진시석문점 	|	충청남도당진시석문면대호만로1748	|	041-356-4566
 18	|	충남당진시송악점 	|	충청남도당진시송악읍도고머리길12	|	041-353-0852
 19	|	충남아산시장재점 	|	충청남도아산시배방읍새아산로20-8	|	041-534-4479
 20	|	충남금산군금산점(B) 	|	충청남도금산군금산읍금산로1491	|	041-753-4949
 21	|	충남서천군서천점(B) 	|	충청남도서천군서천읍서천로94	|	041-953-6799
 22	|	충남천안시신방통정점 	|	충청남도천안시동남구풍세로809	|	041-577-4479
 23	|	충남예산군삽교점 	|	충청남도예산군삽교읍삽교로76	|	041-337-2121
 24	|	충남보령시대천해수욕장점 	|	충청남도보령시해수욕장10길6	|	041-935-8292
	< 27 page >
번호|		지점명			|			  주소  			|	전화번호
 1	|	충남아산시음봉점 	|	충청남도아산시음봉면음봉로841	|	041-541-4479
 2	|	충남천안시불당점 	|	충청남도천안시서북구불당7길33	|	041-552-9285
 3	|	충남서산시읍내점 	|	충청남도서산시부춘1로24-5	|	041-665-4479
 4	|	충남천안시쌍봉점 	|	충청남도천안시서북구봉서5길17	|	041-572-4479
 5	|	충남서산시성연점 	|	충남서산시성연면성연3로35	|	041-669-5670
 6	|	충남보령시무창포해수욕장점 	|	충남보령시웅천읍열린바다로342	|	041-936-4479
 7	|	충남서산시동문점 	|	충남서산시안견로214-5	|	041-681-9285
 8	|	충남논산시논산1점(B) 	|	충남논산시시민로258번길7	|	041-736-9285
 9	|	세종시한솔동세종첫마을점 	|	세종특별자치시누리로59	|	044-865-9285
 10	|	충남아산시영인점 	|	충남아산시영인면영인로84-1	|	041-549-9289
 11	|	충남부여군부여점 	|	충남부여군부여읍사비로72번길18	|	041-833-9285
 12	|	충남공주시신관점 	|	충남공주시번영1로97-12	|	041-881-9285
 13	|	충남천안시두정대아점 	|	충남천안시서북구두정중11길22	|	041-561-9285
 14	|	세종시아름동아름점 	|	세종특별자치시보듬3로95	|	044-864-9242
 15	|	충남당진군당진점 	|	충남당진시당진중앙2로59-12	|	041-355-7933
 16	|	충남태안군안면점 	|	충남태안군안면읍장터로99-3	|	041-673-4838
 17	|	충남천안시성환점 	|	충남천안시서북구성환읍신선동길20	|	041-588-9286
 18	|	충북충주시한국교통대점 	|	충북충주시대소원면대학로28	|	043-855-7774
 19	|	충북단양군단양점 	|	충북단양군단양읍도전4길21	|	043-423-4482
 20	|	충북음성군음성점 	|	충북음성군음성읍시장로78	|	043-873-9282
 21	|	경기안성시죽산점 	|	경기안성시죽산면중부길39	|	031-676-8929
 22	|	충북충주시수안보점 	|	충북충주시수안보면온천중앙길32	|	043-844-4492
 23	|	경기안성시안성1점(B) 	|	경기안성시안성맞춤대로1104	|	031-674-4430
 24	|	경기안성시홍익점 	|	경기안성시금광면신양복길1	|	031-677-4492
	< 28 page >
번호|		지점명			|			  주소  			|	전화번호
 1	|	충북증평군증평점 	|	충북증평군증평읍충청대로1758	|	043-838-4482
 2	|	충북단양군매포읍점 	|	충북단양군매포읍단양로1922	|	043-423-4479
 3	|	충북충주시칠금점 	|	충북충주시우륵로10	|	043-855-4492
 4	|	경기안성시중앙대점(B) 	|	경기안성시대덕면중앙대학로1461층	|	031-675-4479
 5	|	충북괴산군괴산점 	|	충북괴산군괴산읍읍내로13길17	|	043-834-4492
 6	|	충북제천시강제점 	|	충북제천시청풍호로7안길3-1	|	043-645-4479
 7	|	충북음성군생극점 	|	충청북도음성군생극면음성로1639-1	|	043-881-8880
 8	|	충북제천시제천1점 	|	충북제천시숭문로100	|	043-643-0114
 9	|	충북음성군맹동점 	|	충북음성군맹동면덕금로409번길4	|	043-878-9917
 10	|	충북충주시목행동량점 	|	충북충주시행정9길32	|	043-845-4479
 11	|	충북충주시대소원면점 	|	충북충주시대소원면새터1길9	|	043-854-3399
 12	|	충북충주시건대점 	|	충북충주시충열4길6	|	043-856-1577
 13	|	충북충주시충주3점 	|	충북충주시중원대로3393	|	043-856-1588
 14	|	충북충주시신니면점 	|	충북충주시신니면덕고개로4	|	043-851-4479
 15	|	경기안성시일죽점 	|	경기안성시일죽면금일로476-1	|	031-672-5648
 16	|	충북제천시신백점 	|	충북제천시신백로14길12	|	043-653-1113
 17	|	충북음성군대소점 	|	충북음성군대소면오태로137번길23	|	043-882-4482
 18	|	충북진천군광혜원점(B) 	|	충북진천군광혜원면화랑1길7	|	043-532-4479
 19	|	충북제천시청전점 	|	충북제천시의림대로31길22	|	043-647-4479
 20	|	충북진천군덕산점(B) 	|	충북진천군덕산면용몽2길17-5	|	043-532-7222
 21	|	충북진천군진천점 	|	충북진천군진천읍중앙서로90	|	043-534-9282
 22	|	충북음성군맹동혁신도시점 	|	충북음성군맹동면대하로273지음프라자2차107	|	043-883-4479
 23	|	충북음성군삼성점(B) 	|	충북음성군삼성면덕정로48	|	043-881-4479
 24	|	충북음성군금왕점(B) 	|	충북음성군금왕읍무극로324번길19	|	043-883-8857
	< 29 page >
번호|		지점명			|			  주소  			|	전화번호
 1	|	충북충주시충주1점 	|	충북충주시금제6길1	|	043-856-9929
 2	|	경기안성시공도2점 	|	경기안성시공도읍공도3로34-1	|	031-652-8279
 3	|	충북충주시충주2점 	|	충북충주시형설로110-1	|	043-854-8577
 4	|	경기안성시동아방송대점 	|	경기안성시삼죽면동아예대길61-3	|	031-674-4447
 5	|	대전유성구신성자운점 	|	대전광역시유성구가정로43	|	042-862-9982
 6	|	충북청주시용암점 	|	충청북도청주시상당구낙영로4번길18	|	043-296-1515
 7	|	충북청주시가경1점 	|	충청북도청주시흥덕구풍년로111번길22-5	|	043-233-9888
 8	|	충북청주시하복대점 	|	충청북도청주시흥덕구진재로27번길36-6	|	043-233-9998
 9	|	충북청주시사직점 	|	충청북도청주시서원구호국로16	|	043-273-9992
 10	|	대전유성구원내점 	|	대전광역시유성구진잠로78번길56	|	042-543-4479
 11	|	대전서구만년점 	|	대전광역시서구만년남로11번길42	|	042-482-9582
 12	|	대전유성구노은점 	|	대전광역시유성구반석로12번길25	|	042-823-9286
 13	|	대전대덕구신탄진점 	|	대전광역시대덕구신탄진동로1	|	042-935-9285
 14	|	충북청주시강내점 	|	충청북도청주시흥덕구강내면월곡길16	|	043-237-8292
 15	|	대전서구가장내동점 	|	대전광역시서구도산로253번길33	|	042-532-4479
 16	|	대전동구한남대막시무스점 	|	대전광역시동구옛신탄진로93번길27	|	042-627-4479
 17	|	대전유성구봉명구암점 	|	대전광역시유성구대학로34	|	042-321-4482
 18	|	충북청주시율량점 	|	충청북도청주시청원구공항로112번길34	|	043-212-4334
 19	|	충북옥천군옥천점 	|	충청북도옥천군옥천읍성신로48	|	043-733-4492
 20	|	대전동구가양비래점 	|	대전동구우암로331	|	042-623-9233
 21	|	대전서구갈마점 	|	대전광역시서구계룡로500번길86	|	042-526-9249
 22	|	대전동구우송대점 	|	대전광역시동구동대전로213	|	042-636-4479
 23	|	대전유성구송강봉산점 	|	대전광역시유성구봉산로32	|	042-935-4492
 24	|	충북청주시개신점 	|	충청북도청주시서원구신율로61	|	043-267-2008
	< 30 page >
번호|		지점명			|			  주소  			|	전화번호
 1	|	대전중구중촌목동점 	|	대전광역시중구목동로8번길77	|	042-383-4479
 2	|	대전서구도마점 	|	대전광역시서구사마1길28	|	042-535-4479
 3	|	충북청주시오송점 	|	충청북도청주시흥덕구오송읍연제길7	|	043-234-4477
 4	|	충북청주시내수점 	|	충청북도청주시청원구내수읍은곡묵방길52-10	|	043-213-0100
 5	|	대전중구부사점 	|	대전광역시중구보문로92	|	042-242-4479
 6	|	충북청주시분평점(B) 	|	충청북도청주시서원구1순환로1109	|	043-295-4479
 7	|	충북청주시사천점 	|	충청북도청주시청원구새터로187	|	043-215-7007
 8	|	충북청주시강서가경2점(B) 	|	충청북도청주시흥덕구서현북로58	|	043-236-7282
 9	|	충북청주시용담광장점 	|	충청북도청주시상당구산성로112번길18	|	043-284-9945
 10	|	대전서구월평점 	|	대전광역시서구월평중로24번길30	|	042-485-4479
 11	|	충북청주시산남3지구성화점 	|	충청북도청주시서원구원흥로14	|	043-292-4479
 12	|	대전유성구테크노점 	|	대전유성구관들5길47	|	042-934-4479
 13	|	대전서구도안신도시점 	|	대전광역시서구도안북로118번길81	|	042-353-4479
 14	|	대전대덕구법동점 	|	대전광역시대덕구계족로608번길16	|	042-622-4479
 15	|	충북청주시용암2점(B) 	|	충청북도청주시상당구중고개로240번길3	|	043-295-8888
 16	|	대전서구둔산점 	|	대전광역시서구둔산남로165번길16	|	042-483-9292
 17	|	대전유성구학하덕명점 	|	대전광역시유성구학하남로3	|	042-826-4479
 18	|	대전동구가오점 	|	대전광역시동구은어송로116	|	042-282-4479
 19	|	대전서구탄방점 	|	대전광역시서구문정로2번길51	|	042-472-4479
 20	|	대전중구문화점 	|	대전중구보문산로171번길39	|	042-584-6600
 21	|	충북청주시오창점 	|	충북청주시청원구오창읍연구단지로21	|	043-216-4492
 22	|	충북청주시산남점 	|	충북청주시서원구수곡로57번길17	|	043-288-9970
 23	|	대전서구행복점 	|	대전서구정림서로162-18	|	042-585-9233
 24	|	대전대덕구송촌점(B) 	|	대전대덕구송촌북로4번길41	|	042-672-4479
	< 31 page >
번호|		지점명			|			  주소  			|	전화번호
 1	|	충북청주시율량2지구점 	|	충북청주시청원구율량로135	|	043-214-4479
 2	|	충북청주시청대점 	|	충북청주시청원구상당로232번길32	|	043-223-9285
 3	|	대전중구태평점 	|	대전중구태평로118-1	|	042-527-9982
 4	|	대전동구용운판암점 	|	대전동구동부로73번길135	|	042-271-4479
 5	|	대전유성구궁동어은점(B) 	|	대전유성구농대로8	|	042-861-4479
 6	|	충북보은군보은점 	|	충북보은군보은읍삼산로33	|	043-544-1223
 7	|	충북청주시봉명점 	|	충북청주시흥덕구백봉로172	|	043-264-9285
 8	|	대전유성구전민점 	|	대전유성구전민로6번길27	|	042-864-4479
 9	|	충북영동군영동점 	|	충북영동군영동읍학산영동로1143	|	043-745-4479
 10	|	대구달성군화원점 	|	대구달성군화원읍화암로65	|	053-644-9985
 11	|	대구북구칠곡1점 	|	대구북구대천로17길14	|	053-323-9980
 12	|	경북영주시영주2점 	|	경북영주시구성로389로얄상가111호	|	054-636-9994
 13	|	대구달서구상인점 	|	대구달서구상인로9길26	|	053-635-6611
 14	|	경북구미시공단비산점 	|	경상북도구미시비산로5길28	|	054-463-5066
 15	|	경북칠곡군중리점 	|	경북칠곡군석적읍북중리11길14	|	054-976-1009
 16	|	경북안동시안동점 	|	경북안동시서동문로86	|	054-858-9930
 17	|	대구수성구범어점 	|	대구수성구범어로20길13	|	053-755-9282
 18	|	경북칠곡군오태북삼점 	|	경북칠곡군북삼읍금오대로10길19	|	054-972-4423
 19	|	경북영주시풍기점 	|	경북영주시풍기읍동성로68	|	054-638-9288
 20	|	경북구미시상모사곡점 	|	경북구미시상사서로12길3	|	054-465-4479
 21	|	경북구미시봉곡도량점 	|	경북구미시도봉로3길3-3	|	054-443-4482
 22	|	대구달서구용산1점 	|	대구달서구와룡로53길78	|	053-523-4482
 23	|	대구수성구시지1점 	|	대구수성구달구벌대로627길22-25	|	053-795-9985
 24	|	대구달서구신월배점 	|	대구달서구조암남로27길30	|	053-633-9282
	< 32 page >
번호|		지점명			|			  주소  			|	전화번호
 1	|	경북봉화군봉화점 	|	경북봉화군봉화읍내성로1길41-1	|	054-673-4420
 2	|	대구북구산격점 	|	대구북구동북로36길17-2	|	053-942-4479
 3	|	대구동구효목점 	|	대구동구효목로103	|	053-954-9982
 4	|	경북경산시영대점 	|	경북경산시대학로61길6-5	|	053-818-8992
 5	|	대구달서구두류광장점 	|	대구달서구야외음악당로39안길48	|	053-652-4482
 6	|	경북안동시옥동송현점 	|	경북안동시광명로126	|	054-855-4479
 7	|	경북경산시계양사동점 	|	경북경산시계양로8길38	|	053-802-4482
 8	|	경북경산시진량점 	|	경북경산시진량읍영청길15	|	053-857-9995
 9	|	경북상주시함창점 	|	경북상주시함창읍함창시장2길2	|	054-541-4479
 10	|	대구남구봉덕점 	|	대구남구중앙대로22길221	|	053-475-4479
 11	|	대구수성구황금점 	|	대구수성구청수로36길32	|	053-768-9282
 12	|	경북청도군청도점 	|	경북청도군청도읍청화로150-1	|	054-373-4469
 13	|	경북안동시용상점 	|	경북안동시경동로889	|	054-821-9901
 14	|	경북구미시인동점 	|	경북구미시인동39길22-65	|	054-474-4478
 15	|	경북김천시아포점 	|	경북김천시아포읍한지2길64-4	|	054-436-4492
 16	|	대구북구태전점(B) 	|	대구북구구암로16길7	|	053-321-4479
 17	|	경북구미시선산점 	|	경북구미시선산읍남문로3길17	|	054-481-9191
 18	|	경북영주시휴천점 	|	경북영주시대학로36	|	054-636-8787
 19	|	대구수성구시지사월점 	|	대구수성구달구벌대로669길20	|	053-793-4479
 20	|	대구달서구대곡진천점(B) 	|	대구달서구한실로117	|	053-633-4479
 21	|	대구북구고성동점 	|	대구북구옥산로9	|	053-355-4479
 22	|	경북김천시김천1점 	|	경북김천시김천로24-1	|	054-430-4482
 23	|	대구동구율하점 	|	대구동구율하동로8길25	|	053-965-4479
 24	|	대구동구신천동점 	|	대구동구국채보상로861	|	053-754-4479
	< 33 page >
번호|		지점명			|			  주소  			|	전화번호
 1	|	대구달서구성당점(B) 	|	대구달서구감삼남길171	|	053-555-9282
 2	|	경북구미시송정원평점 	|	경북구미시금오산로22길15-14	|	054-443-4479
 3	|	대구남구대명2점 	|	대구남구성당시장길59	|	053-654-9984
 4	|	경북상주시상주2호점 	|	경북상주시동수4길33제상가동101호	|	054-533-4423
 5	|	대구수성구상동점 	|	대구수성구수성로15길34	|	053-768-4479
 6	|	대구달서구대곡역점 	|	대구달서구비슬로538길22	|	053-638-4479
 7	|	대구달성군서재점 	|	대구달성군다사읍서재로99-1	|	053-587-4479
 8	|	대구달서구신당점 	|	대구달서구신당로24	|	053-592-4485
 9	|	경북고령군고령점 	|	경북고령군고령읍시장1길11	|	054-954-4479
 10	|	대구동구동호점 	|	대구동구동호로40	|	053-963-4482
 11	|	대구북구관음읍내동점 	|	대구북구칠곡중앙대로95길11	|	053-323-4479
 12	|	대구달성군논공점 	|	대구달성군논공읍논공중앙로118	|	053-615-4482
 13	|	경북경산시하양점 	|	경북경산시하양읍하양역길18	|	053-853-4479
 14	|	대구수성구범물점 	|	대구수성구지범로290	|	053-784-4479
 15	|	경북김천시덕곡율곡점 	|	경북김천시영남대로2040-6	|	054-434-4470
 16	|	대구달성군현풍점 	|	대구달성군현풍면테크노중앙대로325-49	|	053-611-4446
 17	|	경북경산시서부백천점 	|	경북경산시경산로28부영2차아파트상가103호	|	053-801-9900
 18	|	경북김천시신음삼락점 	|	경북김천시시청로40	|	054-437-4479
 19	|	경북예천군예천점 	|	경북예천군예천읍중앙로24-1	|	054-654-4492
 20	|	대구달성군구지점 	|	대구달성군구지면창리중앙길97	|	053-611-4462
 21	|	경북칠곡군왜관점 	|	경북칠곡군왜관읍중앙로3길2-1	|	054-972-8066
 22	|	대구동구방촌점 	|	대구동구동촌로58길21	|	053-981-9050
 23	|	대구서구내당대신동점 	|	대구서구달서로12길28	|	053-567-4479
 24	|	대구달성군다사점 	|	대구달성군다사읍대실역북로55	|	053-593-4482
	< 34 page >
번호|		지점명			|			  주소  			|	전화번호
 1	|	대구동구신암동점 	|	대구광역시동구신암로132	|	053-944-4479
 2	|	경북구미시임수황상점 	|	경북구미시인동북길25	|	054-471-7227
 3	|	경북구미시신평점 	|	경상북도구미시신비로26	|	054-463-4479
 4	|	경북구미시원호도량1동점 	|	경북구미시고아읍문장로22길20103호	|	054-444-8244
 5	|	경북의성군의성점 	|	경상북도의성군의성읍동서1길72	|	054-834-4482
 6	|	대구달서구장기점 	|	대구달서구구마로12길14	|	053-522-8890
 7	|	대구동구불로봉무점 	|	대구동구팔공로51길23	|	053-958-8200
 8	|	대구남구대명남산점 	|	대구남구명덕로28길12	|	053-621-9282
 9	|	대구북구만평점 	|	대구서구서대구로62길51	|	053-356-4113
 10	|	대구달서구성서점 	|	대구달서구선원로37길16	|	053-593-9982
 11	|	대구수성구지산점 	|	대구수성구용학로35길35	|	053-784-9966
 12	|	대구달서구송현점 	|	대구달서구월배로74길39	|	053-626-9994
 13	|	대구북구사수금호점 	|	대구북구한강로17	|	053-325-4479
 14	|	경북경산시옥산정평점 	|	경북경산시대학로16길31	|	053-812-6636
 15	|	경북구미시옥계점 	|	경북구미시산호대로25길26-3	|	054-471-4490
 16	|	경북구미시형곡점 	|	경북구미시형곡로90	|	054-442-9979
 17	|	대구북구칠성점 	|	대구북구칠성로88	|	053-341-0044
 18	|	대구서구평리점 	|	대구서구국채보상로192	|	053-552-4499
 19	|	대구북구동서변점 	|	대구북구서변로26	|	053-944-9282
 20	|	경북구미시산동확장단지점 	|	경북구미시산동면신당인덕1로139	|	054-473-4479
 21	|	대구중구동성로점 	|	대구중구공평로97-1	|	053-257-9982
 22	|	대구달서구이월드점 	|	대구달서구두류공원로200	|	
 23	|	대구북구복현검단점 	|	대구북구경진로1길31	|	053-942-4479
 24	|	대구달성군옥포점 	|	대구달성군옥포면돌미로2길1	|	053-611-4482
	< 35 page >
번호|		지점명			|			  주소  			|	전화번호
 1	|	경북문경시문경점 	|	경북문경시점촌로8	|	054-555-8858
 2	|	대구수성구수성점(B) 	|	대구수성구신천동로98길24	|	053-751-4482
 3	|	경북울진군북면점 	|	경북울진군북면울진북로2120	|	054-781-4246
 4	|	경북포항시대이점 	|	경북포항시남구대이로112-3	|	054-275-5052
 5	|	경북경주시황성점 	|	경북경주시황성로69번길38-6	|	054-776-5770
 6	|	경북포항시연일점 	|	경북포항시남구연일읍철강로41번길52-6	|	054-286-4447
 7	|	경북포항시용흥점 	|	경북포항시북구새마을로92	|	054-254-4482
 8	|	경북포항시흥해점 	|	경북포항시북구흥해읍흥해로26	|	054-261-9979
 9	|	경북포항시효곡점 	|	경북포항시남구효자동길10번길19	|	054-282-9982
 10	|	울산울주군남창점 	|	울산울주군온양읍연안4길18	|	052-238-4491
 11	|	경북포항시달전점 	|	경북포항시북구흥해읍도음로877번길9	|	054-262-8201
 12	|	경북포항시송도점 	|	경북포항시남구송림로8	|	054-242-8544
 13	|	경북영천시야사점 	|	경북영천시망정로60	|	054-333-3733
 14	|	경북경주시동천점 	|	경북경주시동천로30번길14-2	|	054-775-9973
 15	|	울산울주군구영점 	|	울산울주군범서읍대리1길23-6	|	052-248-9982
 16	|	울산북구호계점 	|	울산북구동대8길12	|	052-293-4479
 17	|	경북포항시청하점 	|	경북포항시북구청하면청하로217번길2	|	054-232-1535
 18	|	경북포항시양덕점 	|	경북포항시북구양덕로23	|	054-255-4482
 19	|	경북울진군백암점 	|	경북울진군온정면소태로9-29	|	054-787-4004
 20	|	울산중구우정점 	|	울산중구유곡로70	|	052-242-1400
 21	|	경북경주시강동점 	|	경북경주시강동면동해대로166-11	|	054-762-4479
 22	|	울산동구전하점 	|	울산동구진성13길92	|	052-235-9985
 23	|	경북울진군죽변점 	|	경북울진군죽변면죽변북로60	|	054-781-4482
 24	|	경북경주시충효점 	|	경북경주시충효녹지길36-6	|	054-776-4479
	< 36 page >
번호|		지점명			|			  주소  			|	전화번호
 1	|	경북포항시우현점 	|	경북포항시북구선착로3-1	|	054-255-9955
 2	|	경북경주시안강점 	|	경북경주시안강읍구부랑길42	|	054-761-8999
 3	|	울산남구신정점 	|	울산남구월평로58	|	052-256-4423
 4	|	울산중구병영점 	|	울산중구동천4길15	|	052-297-4479
 5	|	울산남구옥동점 	|	울산남구문수로423번길4-37	|	052-256-1244
 6	|	경북울진군후포점 	|	경북울진군후포면삼율6길16-14	|	054-788-9982
 7	|	울산남구야음점 	|	울산남구수암로196번길7	|	052-227-9331
 8	|	울산남구무거2호점 	|	울산남구삼호로55번길6	|	052-223-4479
 9	|	울산남구삼산점 	|	울산남구삼산로241번길35-1	|	052-910-9282
 10	|	울산동구남목점 	|	울산동구미포4길38	|	052-232-4479
 11	|	울산북구화봉점(B) 	|	울산북구두부곡14길15	|	052-287-4479
 12	|	울산북구양정점 	|	울산북구염포로517	|	052-283-4479
 13	|	울산울주군언양점(B) 	|	울산울주군언양읍동부8길12	|	052-254-4479
 14	|	울산중구우정혁신점 	|	울산중구종가2길1-2	|	052-244-4479
 15	|	경북포항시두호점 	|	경북포항시북구삼호로245번길10	|	054-251-8582
 16	|	울산남구야음2점 	|	울산남구신선로71-3	|	052-258-4479
 17	|	경북경주시내남점 	|	경북경주시내남면이조중앙길13-1	|	054-748-4479
 18	|	경북포항시해도점(B) 	|	경북포항시남구해동로55-1	|	054-281-4492
 19	|	경북경주시외동점 	|	경북경주시외동읍입실로1길58	|	054-741-4479
 20	|	울산동구화정점(B) 	|	울산동구월봉8길41	|	052-236-3330
 21	|	경북울진군울진점 	|	경북울진군울진읍울진중앙로56	|	054-781-6363
 22	|	울산동구방어점 	|	울산동구화잠2길4	|	052-201-4479
 23	|	울산북구강동점 	|	울산북구산하동강동산하지구81-10BL퀸스타운101호	|	052-211-4479
 24	|	경북경주시건천점 	|	경북경주시건천읍대곡용명길24	|	054-751-4479
	< 37 page >
번호|		지점명			|			  주소  			|	전화번호
 1	|	경북포항시남부점 	|	경북포항시남구상도로56	|	054-278-9982
 2	|	경북경주시성건점 	|	경북경주시금성로396번길5	|	054-774-9901
 3	|	경북포항시오천점 	|	경북포항시남구오천읍남원로53	|	054-291-9922
 4	|	울산남구울산대점 	|	울산남구대학로43번길16	|	052-223-9982
 5	|	경북포항시죽도점 	|	경북포항시북구중흥로255번길13	|	054-278-0454
 6	|	울산남구달동점 	|	울산남구신정로58번길32	|	052-269-9282
 7	|	경북영덕군영해점 	|	경북영덕군영해면예주시장길16-1	|	054-734-3553
 8	|	경북영덕군영덕점 	|	경북영덕군영덕읍군청길133	|	054-733-0054
 9	|	울산북구아진점 	|	울산북구가재길82	|	052-282-4479
 10	|	경북경주시금장점 	|	경북경주시현곡면안현로68-3	|	054-743-4479
 11	|	경북포항시장성점 	|	경북포항시북구법원로8번길16	|	054-243-2999
 12	|	울산중구약사점 	|	울산중구구교10길51	|	052-285-0400
 13	|	울산중구반구점 	|	울산중구염포로78	|	052-281-4488
 14	|	울산중구다운점 	|	울산중구다운로75	|	052-222-4479
 15	|	부산부산진구양정점 	|	부산부산진구범전동63-6	|	051-804-9282
 16	|	부산북구금곡점 	|	부산북구금곡동67-12	|	051-362-2002
 17	|	부산부산진구당감부암1점 	|	부산부산진구당감4동702-1	|	051-892-8292
 18	|	부산기장군기장점 	|	부산기장군기장읍대라리413-4	|	051-721-9909
 19	|	부산금정구서동점 	|	부산금정구서동542-35	|	051-521-4492
 20	|	부산금정구남산점 	|	부산금정구남산동188-6	|	051-518-4492
 21	|	부산금정구구서1점 	|	부산금정구구서2동203-32	|	051-582-4482
 22	|	부산북구화명2점 	|	부산북구화명동2316-9번지102호	|	051-365-4492
 23	|	부산부산진구신개금점 	|	부산부산진구개금3동380-1	|	051-892-4492
 24	|	부산동래구사직1점 	|	부산동래구사직동45-33번지	|	051-502-4485
	< 38 page >
번호|		지점명			|			  주소  			|	전화번호
 1	|	부산사하구다대1점 	|	부산사하구윤공단로14번길33	|	051-265-9298
 2	|	부산남구용호점 	|	부산남구용호동181-1현대비치상가1동103호	|	051-623-4492
 3	|	부산사상구학장엄궁점 	|	부산사상구학장동574-57번지삼성2차아파트상가206호	|	051-311-4492
 4	|	부산금정구부산대점 	|	부산금정구장전동221-24	|	051-514-9985
 5	|	부산동래구안락1점 	|	부산동래구안락동629-76	|	051-532-4492
 6	|	부산서구부민충무점 	|	부산서구토성동5가42-3	|	051-241-7949
 7	|	부산해운대구반송1점 	|	부산해운대구반송2동216-112번지	|	051-544-8272
 8	|	부산금정구부곡1점 	|	부산금정구부곡동19-9	|	051-582-8272
 9	|	부산사하구하단점(B) 	|	부산사하구하단동492-2대우프라자상가B105	|	051-293-9296
 10	|	부산수영구남천점 	|	부산수영구남천동77-25	|	051-628-4492
 11	|	부산수영구광안1점 	|	부산수영구광안동165-6	|	051-755-4492
 12	|	부산사하구구평감천점 	|	부산사하구구평동105-1	|	051-262-9994
 13	|	부산사하구다대2점 	|	부산사하구장림동426번지극동정립아파트상가301호	|	051-261-9297
 14	|	부산북구덕천점 	|	부산북구덕천2길45	|	051-342-6900
 15	|	부산수영구민락점 	|	부산수영구수영로741번길12	|	051-758-4479
 16	|	부산사상구괘법점 	|	부산사상구괘법동519-1강변동원아파트상가107동102호	|	051-311-4479
 17	|	부산남구문현점 	|	부산남구문현3동202-55번지	|	051-632-4492
 18	|	부산연제구거제점 	|	부산연제구월드컵대로187번길23	|	051-852-4479
 19	|	부산연제구시청점 	|	부산연제구중앙대로1038번길64상가101호	|	051-868-4494
 20	|	부산부산진구초읍연지점 	|	부산부산진구초읍동207-18	|	051-818-4492
 21	|	부산부산진구전포점 	|	부산부산진구동성로35	|	051-817-4482
 22	|	부산사하구괴정행복점 	|	부산사하구사리로4	|	051-204-4479
 23	|	부산부산진구가야당감점 	|	부산부산진구가야대로633	|	051-897-4492
 24	|	부산서구대신점 	|	부산서구망양로28	|	051-248-5779
	< 39 page >
번호|		지점명			|			  주소  			|	전화번호
 1	|	부산부산진구범천점 	|	부산부산진구신암로66판매시설동106호	|	051-636-4479
 2	|	부산영도구청학점 	|	부산영도구태종로332	|	051-415-4492
 3	|	부산동래구명장점 	|	부산동래구명안로86번길30	|	051-525-4482
 4	|	부산해운대구반여2점 	|	부산해운대구선수촌로153	|	051-523-4492
 5	|	부산해운대구송정점 	|	부산해운대구송정해변로8-14	|	051-703-4492
 6	|	부산금정구부곡행복점 	|	부산금정구부곡로64	|	051-516-4445
 7	|	부산사상구주례점 	|	부산사상구주례로25	|	051-328-4492
 8	|	부산중구중부산점 	|	부산중구대청로25번길4	|	051-469-9295
 9	|	부산영도구동삼점 	|	부산영도구동삼로59번길15	|	051-403-9972
 10	|	부산사상구신주례점 	|	부산광역시사상구양지로42	|	051-325-4479
 11	|	부산동구초량점 	|	부산광역시동구초량상로65	|	051-441-1466
 12	|	부산사하구신평점 	|	부산사하구다대로142번길16	|	051-201-4479
 13	|	부산영도구남항점 	|	부산영도구남항로24-2	|	051-416-4479
 14	|	부산연제구연산토곡점 	|	부산연제구과정로132번길32	|	051-755-5636
 15	|	부산사하구당리점 	|	부산사하구승학로40	|	051-206-4492
 16	|	부산수영구망미점 	|	부산수영구연수로302번길4	|	051-756-4479
 17	|	부산강서구강서구청점 	|	부산강서구대저로274번길35	|	051-831-4492
 18	|	부산사상구모덕점 	|	부산광역시사상구사상로342번길12	|	051-301-4479
 19	|	부산동구범일점 	|	부산동구자성로116번길2	|	051-638-4479
 20	|	부산남구대연못골점 	|	부산남구진남로36번길58	|	051-625-4492
 21	|	부산남구대연점 	|	부산남구유엔로183번길35	|	051-612-4482
 22	|	부산남구감만점 	|	부산남구석포로51	|	051-632-4479
 23	|	부산강서구명지국제신도시점 	|	부산강서구명지국제8로234정우빌딩2차115	|	051-271-4479
 24	|	부산강서구명지오션시티점 	|	부산강서구명지오션시티9로58	|	051-204-4492
	< 40 page >
번호|		지점명			|			  주소  			|	전화번호
 1	|	부산동래구온천3동점 	|	부산동래구충렬대로126번길19	|	051-504-4492
 2	|	부산해운대구우1점 	|	부산해운대구해운대해변로141	|	051-731-4414
 3	|	부산해운대구해운대신도시1호점 	|	부산해운대구해운대로774번길30	|	051-744-4492
 4	|	부산북구구포1점 	|	부산북구시랑로32	|	051-335-9944
 5	|	부산연제구연산로타리점 	|	부산연제구거제천로230번길25	|	051-852-4445
 6	|	부산부산진구가야개금1점 	|	부산부산진구냉정로262-1	|	051-892-8866
 7	|	부산해운대구해운대행복점 	|	부산해운대구좌동순환로99번길22	|	051-747-9244
 8	|	부산해운대구재송반여점 	|	부산해운대구재송2로28번길6	|	051-781-4479
 9	|	부산동래구수민점 	|	부산동래구명륜로75번길31	|	051-555-4492
 10	|	부산해운대구해운대중동점 	|	부산해운대구좌동순환로468번가길20	|	051-747-3457
 11	|	부산해운대구센텀점 	|	부산해운대구재반로29	|	051-783-4492
 12	|	부산해운대구벡스코점 	|	부산해운대구해운대로383번길25	|	051-747-4498
 13	|	부산북구만덕점 	|	부산북구덕천로280	|	051-333-8686
 14	|	부산사하구괴정1점 	|	부산사하구괴정로235-1	|	051-202-7992
 15	|	부산사상구모라1점 	|	부산사상구백양대로960-1	|	051-312-4492
 16	|	부산남구용호행복점 	|	부산남구동명로158번길104	|	051-623-4479
 17	|	부산기장군정관점 	|	부산기장군정관면구연로42	|	051-728-4492
 18	|	부산동래구온천점 	|	부산동래구차밭골로27	|	051-552-4482
 19	|	경남통영시북신점 	|	경남통영시북신동해미당화목토길화목토0	|	055-642-5592
 20	|	경남진주시신안점 	|	경남진주시진양호로311-1	|	055-741-1255
 21	|	경남거제시장승포점 	|	경남거제시장승포로16	|	055-682-1073
 22	|	경남거제시중곡점 	|	경남거제시중곡로47	|	055-635-5092
 23	|	경남창원시월영점 	|	경남창원시마산합포구월영북로21	|	055-247-4482
 24	|	경남양산시북정점 	|	경남양산시북정중앙로14	|	055-365-4492
	< 41 page >
번호|		지점명			|			  주소  			|	전화번호
 1	|	경남산청군덕산점 	|	경남산청군시천면남명로203-3	|	055-973-4004
 2	|	경남사천시삼천포점 	|	경남사천시벌리로17	|	055-833-4498
 3	|	경남진주시중앙상봉점 	|	경남진주시진주성로87	|	055-746-4479
 4	|	경남진주시상대점 	|	경남진주시돗골로117번길4	|	055-753-7856
 5	|	경남김해시한림점 	|	경남김해시한림면한림로422번길4-2	|	055-345-9676
 6	|	경남창원시상남점 	|	경남창원시성산구토월로80	|	055-282-1157
 7	|	경남김해시삼계점 	|	경남김해시가야로157번길17-18	|	055-339-9288
 8	|	경남진주시금산점 	|	경남진주시금산면금산로52번길4	|	055-761-0144
 9	|	경남함양군함양점 	|	경남함양군함양읍용평길8	|	055-963-6446
 10	|	경남창원시내서삼계점 	|	경남창원시마산회원구내서읍삼계숲길27	|	055-231-9989
 11	|	경남김해시삼방점 	|	경남김해시삼안로158	|	055-335-4492
 12	|	경남양산시덕계1호점 	|	경남양산시평산남4길8	|	055-367-4780
 13	|	경남창원시반송1호점 	|	경남창원시의창구용지로153번길10	|	055-266-4499
 14	|	경남김해시외동점 	|	경남김해시함박로51	|	055-312-4492
 15	|	경남양산시범어점 	|	경남양산시물금읍화합길26	|	055-382-9299
 16	|	경남김해시팔판점 	|	경남김해시팔판로32	|	055-314-4492
 17	|	경남김해시진례점 	|	경남김해시진례면송현로57	|	055-346-4469
 18	|	경남마산시해운점 	|	경남창원시마산합포구월영동11길42	|	055-241-8896
 19	|	경남거제시옥포점 	|	경남거제시옥포대첩로7길31	|	055-687-9234
 20	|	경남창원시사파점 	|	경남창원시성산구동산로194	|	055-267-8001
 21	|	경남양산시서창점 	|	경남양산시삼호동부7길10	|	055-366-9255
 22	|	경남거제시상동점 	|	경남거제시거제중앙로1807	|	055-638-4481
 23	|	경남마산시호계점 	|	경남창원시마산회원구내서읍호원로190	|	055-231-5666
 24	|	경남창원시도계점 	|	경남창원시의창구원이대로69번길301층	|	055-265-4492
	< 42 page >
번호|		지점명			|			  주소  			|	전화번호
 1	|	경남고성군고성점 	|	경남고성군고성읍성내로27	|	055-673-5579
 2	|	경남함안군함안점 	|	경남함안군가야읍함안대로555	|	055-585-9289
 3	|	경남창원시봉곡점 	|	경남창원시의창구봉곡로56	|	055-277-4495
 4	|	경남김해시율하1점 	|	경남김해시율하1로12	|	055-321-4418
 5	|	경남김해시진영점 	|	경남김해시진영읍장등로19번길67101호	|	055-342-4485
 6	|	경남하동군하동점 	|	경남하동군하동읍중앙로18	|	055-884-4431
 7	|	경남창원시진동점 	|	경남창원시마산합포구진동면삼진의거대로639	|	055-271-9444
 8	|	경남거제시아주점 	|	경남거제시용소1길94	|	055-681-4442
 9	|	경남창원시창동점 	|	경남창원시마산합포구남성로130-1	|	055-222-4492
 10	|	경남거제시지세포점 	|	경남거제시일운면거제대로2491103호	|	055-681-9892
 11	|	경남통영시죽림점 	|	경남통영시광도면죽림3로43-11	|	055-649-4479
 12	|	경남창원시중앙여좌점 	|	경남창원시진해구편백로14번길12-1	|	055-542-9942
 13	|	경남함안군군북점 	|	경남함안군군북면중암7길12	|	055-584-9289
 14	|	경남창원시NC다이노스점 	|	경남창원시마산회원구삼호로63	|	NotPhone
 15	|	경남창원시회원점 	|	경남창원시마산회원구북성로166	|	055-248-1794
 16	|	경남진주시판문점 	|	경남진주시새평거로75상가-104호	|	055-745-4479
 17	|	경남창원시소답점 	|	경남창원시의창구읍성로17번길8	|	055-251-4479
 18	|	경남밀양시내일점 	|	경남밀양시약산로33	|	055-353-4992
 19	|	경남사천시사천점(B) 	|	경남사천시정동면진삼로1324	|	055-852-4479
 20	|	경남의령군의령점 	|	경남의령군의령읍의병로20길25-3	|	055-572-4492
 21	|	경남밀양시삼문점 	|	경남밀양시미리벌중앙로85	|	055-356-7077
 22	|	경남창원시감계점 	|	경남창원시의창구북면감계로297휴먼빌아파	|	055-298-4417
 23	|	경남진주시문산혁신점 	|	경남진주시문산읍소문길21	|	055-756-4477
 24	|	경남함양군서하점 	|	경남함양군서하면함양남서로3938	|	055-963-9266
	< 43 page >
번호|		지점명			|			  주소  			|	전화번호
 1	|	경남창원시북면온천점 	|	경남창원시의창구북면천주로1165번길21	|	055-298-8899
 2	|	경남김해시동상점 	|	경남김해시호계로510	|	055-332-4479
 3	|	경남창원시명곡점 	|	경남창원시의창구명지로84번길9	|	055-288-4479
 4	|	경남양산시증산1호점 	|	경남양산시물금읍백호2길17-10	|	055-384-4492
 5	|	경남양산시석산점 	|	경남양산시동면금오7길6	|	055-382-4479
 6	|	경남창녕군남지점 	|	경남창녕군남지읍남지중앙2길69103-1호	|	055-536-9277
 7	|	경남양산시어곡점 	|	경남양산시어실로155	|	055-910-5595
 8	|	경남거제시거제면점 	|	경남거제시거제면읍내로45	|	055-632-9266
 9	|	경남창원시석전점 	|	경남창원시마산회원구석전남8길59	|	055-255-4492
 10	|	경남합천군합천점 	|	경남합천군합천읍충효로98-17	|	055-932-0015
 11	|	경남창원시가음점 	|	경남창원시성산구가양로48-1	|	055-283-9989
 12	|	경남창원시풍호점 	|	경남창원시진해구풍호로61	|	055-547-4492
 13	|	경남창원시동읍점 	|	경남창원시의창구동읍의창대로868-1	|	055-292-4479
 14	|	경남창원시용원점 	|	경남창원시진해구안골로348	|	055-552-4492
 15	|	경남창원시합성1호점(B) 	|	경남창원시마산회원구합성동6길13	|	055-255-4479
 16	|	경남진주시도동점 	|	경남진주시대신로363	|	055-763-4482
 17	|	경남진주시가호점 	|	경남진주시진주대로542번길7	|	055-756-2008
 18	|	경남남해군남해점 	|	경남남해군남해읍화전로78번가길23	|	055-864-1700
 19	|	경남진주시망경점 	|	경남진주시진주대로953번길10	|	055-763-4492
 20	|	경남거제시장평점 	|	경남거제시장평2로2길10	|	055-632-4492
 21	|	경남양산시남부점 	|	경남양산시양주로42	|	055-382-4492
 22	|	경남창원시양덕1호점 	|	경남창원시마산회원구양덕북10길8	|	055-251-4492
 23	|	경남진해시석동점 	|	경남창원시진해구진해대로801번길14	|	055-551-4492
 24	|	경남거창군거창1점 	|	경남거창군거창읍아림로47-1	|	055-943-4479
	< 44 page >
번호|		지점명			|			  주소  			|	전화번호
 1	|	경남통영시봉평미수점 	|	경남통영시서송정1길32-3	|	055-645-6737
 2	|	경남창원시팔용점 	|	경남창원시의창구남산로1번길52	|	055-297-4491
 3	|	경남창원시대방점 	|	경남창원시성산구대암로1161층	|	055-285-4492
 4	|	경남남해군상주점 	|	경남남해군상주면남해대로697	|	055-862-9049
 5	|	경남김해시장유1호점 	|	경남김해시능동로7번길15	|	055-311-4999
 6	|	경남창원시반지점 	|	경남창원시성산구반송로22	|	055-237-4479
 7	|	경남창녕군창녕점 	|	경남창녕군창녕읍창녕대로37	|	055-532-4475
 8	|	전북전주시서신점 	|	전북전주시완산구서신천변11길22	|	063-272-4492
 9	|	전북전주시송천점 	|	전북전주시덕진구천마산로12	|	063-255-4492
 10	|	전북전주시중화산점 	|	전북전주시완산구메너머1길29	|	063-223-4492
 11	|	전북전주시호성점 	|	전북전주시덕진구소리로198	|	063-247-4492
 12	|	전북전주시평화1점 	|	전북전주시완산구평화17길10	|	063-228-4492
 13	|	전북익산시부송점 	|	전북익산시부송로14길21	|	063-835-4492
 14	|	전북김제시김제점 	|	전북김제시동서로232	|	063-545-4492
 15	|	전북정읍시시기점 	|	전북정읍시천변로350-1	|	063-532-4492
 16	|	전북남원시남원점 	|	전북남원시동충동336번지1층	|	063-636-4492 
 17	|	전북고창군고창점 	|	전북고창군고창읍성산3길3	|	063-563-4481
 18	|	전북전주시진북인후점 	|	전북전주시덕진구팔달로346	|	063-278-4483
 19	|	전북전주시서학중앙점(B) 	|	전북전주시완산구서학1길2	|	063-231-4492
 20	|	전북군산시옥서점 	|	전북군산시옥서면옥구저수지로217	|	063-463-4492
 21	|	전북군산시소룡산북점 	|	전북군산시동아로130	|	063-468-4434
 22	|	전북무주군무주스키점 	|	전북무주군설천면구천동1로6	|	063-322-4479
 23	|	전남광양시중동점 	|	전남광양시광장로120	|	061-793-4492
 24	|	전남여수시안산점 	|	전남여수시도원로186	|	061-683-4482
	< 45 page >
번호|		지점명			|			  주소  			|	전화번호
 1	|	전남여수시서교점 	|	전남여수시서교3길3-2	|	061-642-4492
 2	|	전남여수시국동점 	|	전남여수시구봉산길15-2	|	061-642-9282
 3	|	전남광양시광영점 	|	전남광양시금영로181	|	061-795-4492
 4	|	전남순천시삼산점 	|	전남순천시중앙로292	|	061-754-4492
 5	|	전남순천시중앙점 	|	전남순천시장명로10	|	061-745-9244
 6	|	전남순천시왕지점 	|	전남순천시연동남길35	|	061-727-4492
 7	|	전북정읍시수성점 	|	전북정읍시수성1로55-14	|	063-537-4479
 8	|	전북군산시나운2점 	|	전북군산시나운안2길11	|	063-466-4479
 9	|	전북군산시조촌점 	|	전북군산시진포로169	|	063-446-4492
 10	|	전남순천시조례점 	|	전남순천시비봉길86	|	061-723-7799
 11	|	전북익산시신동남중점 	|	전북익산시익산대로70길23	|	063-851-4492
 12	|	전남순천시금당지구점 	|	전남순천시해룡면조례못등길118	|	061-722-7799
 13	|	전남순천시연향점 	|	전남순천시연향번영4길30	|	061-722-4492
 14	|	전북군산시수송점 	|	전북군산시수송7길21	|	063-465-4482
 15	|	전남구례군구례지리산온천점 	|	전남구례군산동면하관1길26	|	061-782-4479
 16	|	전남여수시여서점 	|	전남여수시대치3길13-1	|	061-651-5673
 17	|	전북익산시영등점 	|	전북익산시고봉로255	|	063-853-4492
 18	|	전북완주군혁신점 	|	전북완주군이서면안전로107-3	|	063-225-4479
 19	|	전북전주시효자점 	|	전북전주시완산구강변로120	|	063-227-4482
 20	|	전북군산시나운1점 	|	전북군산시신설2길6-4	|	063-468-4492
 21	|	전북전주시서곡점 	|	전북전주시완산구서곡1길5-12	|	063-271-4492
 22	|	전북완주군삼례우석대점 	|	전북완주군삼례읍동학로83	|	063-291-4479
 23	|	전북무주군무주점 	|	전북무주군무주읍단천로84	|	063-323-4479
 24	|	전북익산시동산점 	|	전북익산시서동로88	|	063-843-4492
	< 46 page >
번호|		지점명			|			  주소  			|	전화번호
 1	|	전남광양시광양제철점 	|	전남광양시백운로1638-11	|	061-799-9292
 2	|	전북완주군봉동3공단점 	|	전북완주군봉동읍원둔산3길13	|	063-261-4492
 3	|	전남여수시둔덕점 	|	전남여수시쌍봉로357	|	061-653-4479
 4	|	전북익산시함열점 	|	전북익산시함열읍함열중앙로15	|	063-862-4479
 5	|	전북군산시중앙점 	|	전북군산시중앙로94	|	063-445-4479
 6	|	전북군산시오식도점 	|	전북군산시가도로177	|	063-468-9295
 7	|	전북익산시모현점 	|	전북익산시고현로14길8-1	|	063-852-4492
 8	|	전북전주시삼천점 	|	전북전주시완산구거마남로58	|	063-224-4452
 9	|	전북전주시아중점 	|	전북전주시덕진구동가재미3길8	|	063-242-9225
 10	|	전북부안읍부안점 	|	전라북도부안군부안읍수정길5	|	063-581-4490
 11	|	전남광양시광양점 	|	전남광양시광양읍인서4길23	|	061-761-4492
 12	|	전북군산시군산대점 	|	전북군산시미제1길5-4	|	063-461-4492
 13	|	전남순천시남제점 	|	전남순천시우석로73-1	|	061-741-4492
 14	|	전남광양시마동점 	|	전남광양시사동로81-1	|	061-792-8244
 15	|	전남순천시신대점 	|	전남순천시해룡면좌야로101	|	061-723-4479
 16	|	전남여수시무선지구점 	|	전남여수시무선3길6	|	061-683-9982
 17	|	전북전주시덕진전북대점 	|	전북전주시덕진구명륜5길19-6	|	063-253-4482
 18	|	전북전주시동산점 	|	전북전주시덕진구쪽구름5길5	|	063-212-4492
 19	|	전북전주시전주대점 	|	전북전주시완산구효자로92	|	063-236-4492
 20	|	전남여수시신기점 	|	전남여수시새터로93	|	061-684-0082
 21	|	광주북구오치매곡점 	|	광주북구안산로70	|	062-269-9988
 22	|	전남영광군영광점 	|	전남영광군영광읍신남로213-1	|	061-351-1554
 23	|	광주광산구운남점 	|	광주광산구월곡로30-1	|	062-952-9994
 24	|	광주북구동림점 	|	광주북구동림용산로29	|	062-513-9995
	< 47 page >
번호|		지점명			|			  주소  			|	전화번호
 1	|	전남목포시하당1점 	|	전남목포시백년대로297번길12-2	|	061-285-9997
 2	|	광주서구금호점 	|	광주서구금화로73번길16	|	062-383-9935
 3	|	전남목포시용해점 	|	전남목포시용당로331번길88	|	061-279-4492
 4	|	전남목포시연산점 	|	전남목포시연산로159번길22	|	061-273-4999
 5	|	전남보성군보성점 	|	전남보성군보성읍중앙로46-11	|	061-853-9713
 6	|	전남목포시하당2점 	|	전남목포시삼향천로35	|	061-283-9936
 7	|	전남강진군강진점 	|	전남강진군강진읍중앙로99-3	|	061-433-9954
 8	|	광주북구일곡점 	|	광주북구송해로34	|	062-575-4492
 9	|	광주서구풍암점 	|	광주서구풍암신암로26	|	062-655-9982
 10	|	전남화순군화순점 	|	전남화순군화순읍만연로37	|	061-375-4492
 11	|	광주광산구첨단1호점 	|	광주광산구산월로64	|	062-974-4492
 12	|	광주북구용봉점 	|	광주북구설죽로202번길52	|	062-522-4492
 13	|	광주북구양산점 	|	광주북구양산택지로79번길15	|	062-576-9995
 14	|	광주서구상무점 	|	광주서구상무평화로102	|	062-383-4492
 15	|	광주남구진월점 	|	광주남구서문대로663번길16	|	062-674-4492
 16	|	광주광산구송정1점 	|	광주광산구남동길30번길48	|	062-945-4492
 17	|	광주서구화정1점 	|	광주서구염화로57번길20	|	062-375-4492
 18	|	전남고흥군고흥점 	|	전남고흥군고흥읍봉황길10	|	061-834-3777
 19	|	광주북구두암1점 	|	광주북구삼정로139	|	062-251-4492
 20	|	광주서구쌍촌1점 	|	광주서구상일로24번길11	|	062-382-4492
 21	|	전남해남군해남점 	|	전남해남군해남읍중앙1로167-1	|	061-537-6692
 22	|	광주남구방림양림점 	|	광주남구방림로2	|	062-655-4492
 23	|	광주광산구우산소촌점 	|	광주광산구우산로96번길78	|	062-941-9940
 24	|	광주남구주월점 	|	광주남구회서로15	|	062-651-4492
	< 48 page >
번호|		지점명			|			  주소  			|	전화번호
 1	|	광주북구중흥점 	|	광주북구당뫼로57	|	062-524-9992
 2	|	전남보성군벌교점 	|	전남보성군벌교읍채동선로259-1	|	061-857-4492
 3	|	전남나주시나주점 	|	전남나주시나주로81	|	061-333-4492
 4	|	광주광산구수완1점 	|	광주광산구장덕로95번길45	|	062-959-9929
 5	|	광주동구학동점 	|	광주동구천변우로603	|	062-222-4492
 6	|	광주서구동천점 	|	광주서구동천로10번길24	|	062-512-4492
 7	|	전남완도군완도점 	|	전남완도군완도읍개포로177번길11	|	061-554-4492
 8	|	광주남구월산까치점 	|	광주남구독립로87	|	062-365-8299
 9	|	전남장흥군장흥점 	|	전남장흥군장흥읍북부로39	|	061-864-4479
 10	|	광주광산구산정점 	|	광주광산구하남대로54번안길59	|	062-951-4479
 11	|	전남함평군함평점 	|	전남함평군함평읍중앙길172-1	|	061-324-4492
 12	|	전남목포시석현점(B) 	|	전남목포시텃골로33번길53	|	061-284-9942
 13	|	전남진도군진도점 	|	전남진도군진도읍남문길47	|	061-542-7557
 14	|	광주북구첨단2지구점 	|	광주북구임방울대로1042번길14-20	|	062-576-4492
 15	|	광주남구효천점 	|	광주남구효우로230번길35	|	062-671-4492
 16	|	광주광산구선운점 	|	광주광산구선운중앙로43	|	062-941-4492
 17	|	전남나주시영산포점 	|	전남나주시남교1길6-15	|	061-333-4447
 18	|	전남해남군우수영점 	|	전남해남군문내면동영길22-1	|	061-532-4492
 19	|	전남무안군목포대점 	|	전남무안군청계면도림길90	|	061-452-0792
 20	|	전남고흥군녹동점 	|	전라남도고흥군도양읍비봉로129-2	|	061-844-4492
 21	|	광주북구문흥점 	|	광주북구면앙로32번길29	|	062-252-4492
 22	|	전남영암군삼호점 	|	전남영암군삼호읍대불주거로1길80	|	061-462-4492
 23	|	광주동구산수점 	|	광주동구필문대로179	|	062-222-5992
 24	|	전남무안군무안점 	|	전남무안군무안읍하마로31	|	061-454-9992
	< 49 page >
번호|		지점명			|			  주소  			|	전화번호
 1	|	광주남구봉선1점 	|	광주남구봉선1로66	|	062-652-4492
 2	|	광주광산구신가점 	|	광주광산구신창로35번길87	|	062-955-9289
 3	|	전남무안군남악점 	|	전남무안군삼향읍남악2로74번길42상가106호	|	061-285-9208
 4	|	전남목포시삼학점 	|	전남목포시산정로22번길20	|	061-273-2121
 5	|	전남나주시나주혁신도시점 	|	전남나주시빛가람로789	|	061-332-4492
 6	|	전남담양군담양점 	|	전남담양군담양읍죽향대로1195	|	061-383-4492
 7	|	제주제주시용담점 	|	제주제주시용문로157	|	064-713-4482
 8	|	제주제주시노형점 	|	제주제주시연화로1길24	|	064-745-4492
 9	|	제주제주시외도점 	|	제주제주시일주서로7312	|	064-747-4490
 10	|	제주제주시화북삼양점 	|	제주제주시진남로6길9	|	064-724-4492
 11	|	제주서귀포시중문점 	|	제주서귀포시천제연로191	|	064-738-7792
 12	|	제주서귀포시서귀포1점 	|	제주서귀포시일주동로8600	|	064-763-4492
 13	|	제주서귀포시성산점 	|	제주서귀포시성산읍고성동서로56번길18	|	064-782-4492
 14	|	제주서귀포시서귀포2호점 	|	제주서귀포시장수로98	|	064-732-4479
 15	|	제주제주시도남점 	|	제주제주시독짓골4길11	|	064-752-4492
 16	|	제주서귀포시강정해군기지점 	|	제주서귀포시강정동2735	|	064-738-4479
 17	|	제주서귀포시신시가지점 	|	제주특별자치도서귀포시신북로17	|	064-739-4401
 18	|	제주서귀포시대정점 	|	제주서귀포시대정읍하모항구로6번길27	|	064-794-3336
 19	|	제주서귀포시표선점 	|	제주서귀포시표선면표선동서로288	|	064-787-4492
 20	|	제주제주시일도점 	|	제주특별자치도제주시청귤로3길51	|	064-727-4492
 21	|	제주제주시애월점 	|	제주제주시애월읍곽지5길1	|	064-799-4492
 22	|	제주제주시연동점 	|	제주제주시삼무로82	|	064-749-4492
 23	|	제주제주시한림점 	|	제주제주시한림읍한림중앙로46	|	064-796-4452
 24	|	제주제주시아라점 	|	제주제주시중앙로578	|	064-726-4479
	< 50 page >
번호|		지점명			|			  주소  			|	전화번호
 1	|	제주제주시조천함덕점 	|	제주제주시조천읍함덕20길3	|	064-784-9945
 2	|	서울구로구고척스카이돔점 	|	서울구로구경인로430B-5	|	02-2688-7721
